Track title,track lyrics,Release Year,composer ,Lyricist
البنت الشلبية,البنت الشلبية .. عيونا لوزية بحبك من قلبي .. ياقلبي انتي عينيا حد القناطر .. محبوبي ناطر كسر الخواطر .. ياولفي ماهان عليا بتطل بتلوح .. و القلب مجروحو أيام عالبال .. بتعن و تروح تحت الرمانة .. حبي حاكاني و سمعني غناني يا عيوني .. و أتغزل فيا,2009,تراث,تراث
اخر ايام الصيفيه,آخر أيام الصيفية والصبية شوي شوي وصلت ع ساحة ميس الريم وانقطعت فيها العربية آخر ايام المشاوير في غيمة زرقة وبرد كتير وحدي منسية بساحة رمادية أنا والليل وغنية تأخرنا وشو طالع بالايد حبيبي وسبقتنا المواعيد أنا لو فيّ زورك بعنيي وعمرها ما تمشي العربية,1975,الأخوين رحباني,الأخوين رحباني
اعطني الناي,أعطني الناي وغن فالغنا سر الوجود وأنين الناي يبقى بعد أن يفنى الوجود هل إتخذت الغاب مثلي منزلاً دون القصور فتتبعت السواقي وتسلقت الصخور هل تحممت بعطره وتنشفت بنور وشربت الفجر خمراً من كؤوس من أثير هل جلست العصر مثلي بين جفنات العنب والعناقيد تدلت كثريات الذهب هل فرشت العشب ليلاً وتلحفت الفضاء زاهداً في ما سيأتي ناسياً ما قد مضى أعطني الناي وغن وانسى داء ودواء إنما الناس سطورٌ كتبت لكن بماء,1973,نجيب حنكش,جبران خليل جبران
انا لحبيبي,أنا لحبيبي و حبيبي إلي يا عصفورة بيضا لا بقى تسألي لا يعتب حدا و لا يزعل حدا أنا لحبيبي و حبيبي إلي حبيبي ندهلي قلي الشتي راح رجعت اليمامة زهر التفاح و أنا على بابي الندي و الصباح و بعيونك ربيعي نور و حلي و ندهلي حبيبي جيت بلا سؤال من نومي سرقني من راحة البال أناعلى دربو و دربو عالجمال يا شمس المحبة حكايتنا أغزلي,1965,الأخوين رحباني,الأخوين رحباني
بكتب اسمك,بكتب اسمك ياحبيبي ع الحور العتيق .. بتكتب اسمي يا حبيبي ع رمل الطريق .. وبكرا بتشتي الدني .. ع القصص المجرحه بيبقى اسمك يا حبيبي واسمي بينمحى بحكي عنك ياحبيبي لأهالي الحي بتحكي عني ياحبيبي لنبعة المي ..ولما بيدور السهر .. تحت قناديل المسا بيحكوا عنك ياحبيبي وانا بنتسى وهديتني وردة .. فرجيتا لصحابي خبيتا بكتابي .. زرعتا ع المخدي هديتك مزهريي .. لا كنت تداريها ولا تعتني فيها .. تا ضاعت الهديه وبتقلي بتحبني ما بتعرف قديش مازالك بتحبني ليش دخلك ليش بكتب اسمك ياحبيبي ع الحور العتيق ..بكتب اسمك يا حبيبي ع رمل الطريق ..,1961,الأخوين رحباني,الأخوين رحباني
بيني وبينك,بيني و بينك يا ليل في حب و غنيي على بابي بتقعد يا ليل و منسهر ليلي بيني و بينك في أسرار و بتعرف أحزاني تبقى إمرقلي عاهاك الدار و قلو ما ينساني فيق البيت العتيق غافي على الطريق و غافي حدو الزمان  يمكن بكرا الحبيب يمرق متل الغريب و ما يذكر اللي كان,1979,الياس رحباني,الأخوين رحباني
سالتك حبيبي,سألتك حبيبي لوين رايحين...خلينا خلينا وتسبقنا سنين....اذا كنا ع طول..التقينا ع طول..ليش منتلفّت خايفين انا كل ما بشوفك..كأنّي بشوفك لأول مرة حبيبي...انا كل ما تودعنا..كأنّا تودّعنا لاخر مرة حبيبي...قلي ..حكيني ..نحنا مين..وليش منتلفت خايفين...موعدنا بكرا..وشو تأخر بكرا..قولك مش جاي حبيبي...عم شوفك بالساعه..بتكّات الساعه..من المدى جاي حبيبي ويا دنيي شتي ياسمين..ع اللي تلاقو ومش عارفين......ومن مين خايفين...,1975,الأخوين رحباني,الأخوين رحباني
شادي,من زمان أنا وصغيرة كان في صبي يجي من الحراش ألعب أنا وياه كان اسمه شادي أنا وشادي غنينا سوى لعبنا على الثلج ركضنا بالهوا كتبنا على الأحجار قصص صغار ولوحنا الهوا ويوم من الأيام ولعت الدني ناس ضد ناس علقوا بهالدني وصار القتال يقرب على التلال والدني دني وعلقت على اطراف الوادي شادي ركض يتفرج خفت وصرت انده له وينك رايح يا شادي انده له وما يسمعني ويبعد يبعد بالوادي ومن يومتها ما عدت شفته ضاع شادي والثلج اجا وراح الثلج عشرين مرة اجا وراح الثلج وانا صرت اكبر وشادي بعده صغير عم يلعب عالثلج,1970,الأخوين رحباني,الأخوين رحباني
طيري يا طياره,طيري يا طيارة طيري يا ورق وخيطان بدي ارجع بنت صغيره ع سطح الجيران وينساني الزمان على سطح الجيران علّي فوق سطوح بعاد ع النسمه الخجولة أخذونى معهم الولاد وردّوا لي الطفولة ضحكات الصبيان وغنانى زمان ردّتلى كتبى ومدرستى والعمر اللي كان وينساني الزمان على سطح الجيران لو فينا نهرب ونطير مع ها الورق الطاير تنكبر  بعد بكير شو صاير شو صاير يا زهر الرمان ميل بهالبستان تيتسلو صغار الأرض ويحلو الزمان,1967, الأخوين رحباني,فيلمون وهبه
عم بتضوي الشمس,عم بتضوي الشمس عالأرض المزروعة عم بتضوي الشمس والدنيي عم توعى حب الزيتون السمرا يا سمرا يا مغبرة وعاحفافي خلفها خفافي خلفها حفافي مشروعة قمار القمح المدرية غنيي وشو غنية ومزارع خلفها مزارع خلفها مزارع ونبوعة وبالقطن الحلوشو إغتنينا يا تلج زرعناه بإيدينا يا حمام الغيضا يا غنية بيضا يا تلج زرعناه بإيدينا وشوبحبك يا أرضي السخية يا زرع الأيدين القوية يا مطارح دوالي يا رمان العالي يا زرع الأيدين القوية وهبت ريح لاقوا الريح شيلوا معاولكن هزوها بوجه الريح لاقوا الريح برقصة حلوة وغنوا مليح وللجلسة الرضية ببيوت الهنية خبوا غنية,,الأخوين رحباني,الأخوين رحباني
شط اسكندريه,شط إسكندرية يا شط الهوى رحنا إسكندرية رمانا الهوى يا دنيا هنية وليالي رضية أحملها بعينيه شط إسكندرية البحر ورياحو والفلك الغريب يحملها جراحو ويرحل في المغيب يتمهل شوية و يتودع شوية وتعانق المية شط إسكندرية ليالي مشيتك يا شط الغرام وإن أنا نسيتك ينساني المنام والشاهد عليه غنوة أمارية والنسمة البحرية وشط إسكندرية,1999,الأخوين رحباني,الأخوين رحباني
ابحث عنك دوما,أبحث عنك دوماً يا حلمي المختار أبحث عنك دوماً واسأل الأزهار أراك في خيالي ملون الجمال أبحث عنك دوماً فهل اراك يوماً قصدت الحقول البعيدة وطفت في الجنان وكنت اغني ســــعيدة ومــر طـــائــران ذكرت اني حيرى وليس لي وليف ليتني كنت طير في منحنى وريف أبحث عنك دوما يا حلمي المختار أبحث عنك دوما واسأل الأزهار أراك في خيالي ملون الجمال أبحث عنك دوما ًفهل اراك يوماً,,الأخوين رحباني,الأخوين رحباني
ابنة بلادي,أين الشـــــــــذا والحلُمُ المُزهِرُ أهـــكــذا حُبُّكَ يــــا أســـــــــمرُ أهــكــذا تـــَذوي أزاهِيـرُنـــــا وكانَ منها المِسْـــــــكُ والعَنْـَبرُ الشّــــــــفةُ الحُـــلوةُ مــــا بالُها تَحْملُ لي الخمـرَ ولا تُسكــــــَرُ أشـــــــعارُنا كانت تُوشّي الدُّنّى والليلُ من أشــــــــــواقِنا مُـقمِرُ كيفَ الهوى يمضي كعُمْرِ الندى وفي بـــلادي مَـرجُهُ الأخـضـَرُ أهـــــــواكَ فـي أغــــنــيةٍ حُرّةٍ يَخفُقُ فـيها الــــنّــايُ والمِزْهَــرُ في طلّةِ الــفـــجْرِ على المُنحنى يهفو إليها الـــكَــــرْمُ و الـبــَيْدرُ في النَهَرِِ الضاحـــكِ بين الـرُّبى تَحْسُــــــــدُهُ على الهوى الأنـهُرُ في نغـمِ البلبلِ يشـــــــــدو عـلى صنوبرِ الســـــــــفـحِ ولا يهجُرُ في موكـبِ النّصرِ وفي رايـــــةٍ عــلى ذرى تــاريــــخنا تـخطرُ وفي أماني أمتي تنتشــي فيـها الـــمــــروءات وتســـــــــــتكبر أهواكَ في شــعبي وفي موطـني فأنتَ  لا  أحـلى  ولا  أنــضَرُ,,الأخوين رحباني,ابو سلمى
اتسالين النجم,هل تسألين النجم عن داري وأين أحبابي وسماري داري التي أغفت على ربوة حالمة بالمجد والغار تفتح الزهر على خدها فعطرت أيام آذار ضحية الحسن.. وكم فتنة تجني على حسناء معطار جار عليها مدعٍّ بالهوى جور عدو في الحمى ضار والشعب كم من حاكم باسمه يظلمه ظلم سنمار في عينه دمعة باك وفي راحته سكين جزار,,الأخوين رحباني,الأخوين رحباني
احب الاسماء,أحبُ من الأسماءِ ما شابه أسمها و وافقهُ أو كانَ منهُ مُدانيا أَعدُ الليالي ليلةً بعد ليلةٍ و قد عشتُ دهراً لا أعدُ اللياليَ فيا ربِ سوي الحبَ بيني و بينها يكونُ كفافاً لا عليَ و لا ليَ وقد يجمع الله الشتيتين بعدما يظُنانِ كلُ الظنِ أن لا تلاقيا تذكرت ليلى والسنين الخواليا    وأيام لا نخشى على اللهو ناهيا ويوم كظل الرمح قصرت ظله  بليلى فلهاني وما كنت لاهيا بثمدين لاحت نار ليلى وصحبتي بذات الغضى تزجى المطي النواجيا فقال بصير القوم : لمحة كوكب بدا في سواد الليل فردا يمانيا فقلت له : بل نار ليلى توقدت بعليا تسامى ضوءها فبداليا فليت ركاب القوم لم تقطع الغضى وليت الغضى ماشي الركاب لياليا فيا ليل كم من حاجة لي مهمة إذا جئتكم بالليل لم أدر ما هيا وقد يجمع الله الشتيتين بعدما يظنان كل الظن أن لا تلاقيا لحا الله أقواما يقولون : إنني وجدت طوال الدهر للحب شافيا فشب بنو ليلى وشب بنو ابنها وأعلاق ليلى في فؤادي كما هيا ولم ينسني ليلى افتقار ولا غنى ولا توبة حتى احتظنت السواريــا خليلي لا والله مـــا أملك الـذي قضى الله في ليلى و لا ما قضى ليا قضاها لغيري وابتلاني بحبهـــا فهلا بشيء غير ليلى ابتلانيـــا فهذي شهور الصيف عنا قد انقضت فما للنوى ترمي بليلى المراميـــا فلو كان واش باليمامـــــة داره وداري بأعلى حضرموت اهتدى ليا أعــد الليالي ليلــة بعد ليلــة وقد عشت دهرا لا أعد اللياليــا وأخرج من بين البيوت لعلني أحدث عنك النفس بالليل خاليا أراني إذا صليت يممت نحوها بوجهي وإن كان المصلى ورائيا وما بي إشراك ولكن حبهـــا وعظم الجوى أعيا الطبيب المداويا أحب من الأسماء ما وافق اسمها أو أشبهه أو كان منه مدانيـــا خليلي ما أرجو من العيش بعدما أرى حاجتي تشرى ولا تشترى ليا خليلي إن ضنوا بليلى فقربـــا النعش والأكفان واستغفرا ليـــا,1999,محمد محسن,قيس بن الملوح
احب دمشق,أحب دمشق  هوايا الأرقا أحب جوار بلادي ثرى من صبا و وداد رعته العيون جميلة و قامة كحيلة أحب أحب دمشق دمشق بغوطتك الوادعة حنين إلى الحب لا ينتهي كأنك حلمي الذي أشتهي   هوى ملء قصتك الدامعة تمايل سكرى به دمشق  كشمس الضحي الطالعة هنا و البطولات لا تنضب تطلع شعب حبيب العلي إلى المجد بالمشتهى كلل دمشق و أنت الثرى الطيب غضبت و ما أجمل فكنت السلام إذا يغضب أحب أحب دمشق,,الأخوين رحباني,الأخوين رحباني
احبك في صمتي,أُحبكَ فى صـمتىَّ الوارف وفى رفةِ الهــــدبِ الخائفِ وبى يا ملوِّن عمرى إليك حَنــينُ الكرومِ إلى الــقاطفِ حنين الشحارير عند الغروب إلى رحلة الموسم الهاتف ذُرى بالندى والبريق تُطل كنهرٍ من الوهج الصائف أحبك هل بعد حبى سؤال وبعد جمالى غوىَّ أو جمال أحــبك حتى يضل الغمام وينسى الربيع دروب التلال أحبك حتى يمل الصــدى طواف الربى وعناق الجبال أقول أحــبك موج حقول وجمع شـــذى يا مطل الظلال وقلــت إلى بيتك الـــساحر أجيئ مع القــــمر الـــــساهر فزينت بيتى وطــال انتظارى وغنيت حتى بكى خاطرى وحين سكبت النشيد الأخير وفرفطت عقد الشذى العاطر أتيـــتَ فيا حيرتى ما أقول وكيــف ألاقـــيك يازائرى,1958,الأخوين رحباني,الأخوين رحباني
احبك مهما اشوف,أحبك مهما اشوف منك ومهما الناس تقول عنك أحبك ... أحبك مهما أشوف ..أِشوف منك تعال جنبي كلمني  عرفت الحب وعرفتك غيابك عنّي علمني أكدّب عيني لو شـفتك جفاك لو زاد .. دفاك لو عاد جفاك لو زاد ... أحبك واقولها مهما اشوف منك ومهما الناس تقول عنك ومهما أشوف .. أشوف منك أشوف الورد يتمايل على الاغصان ويتهنى أقول يا ريت نتقابل ونرجع للي كان بيننا زمانك فين .. يا نور العين زمانك فين ... أحبك واقولها مهما اشوف منك ومهما الناس تقول عنك ومهما أشوف .. أشوف منك,1952,حليم الرومي,الأخوين رحباني
احترف الحزن,احترف الحزن والانتظار ... ارتقب الاتي ولا يأتي تبددت زنابق الوقت .. زنابق الوقت عشرون عاماً  وانا وانا... احترف الحزن والانتظار عبرت من بوابة الدموع .. الى صقيع الشمس والبرد لا اهل لي في خيمتي وحدي .. في خيمتي وحدي عشرون عاماً .. وانا .. وأنا.. يسكنني الحنين والرجوع كبرت في الخارج .. بنيت اهلاً اخرين .. كالشجر استنبتهم فوقفوا امامي صار لهم ظلٌ على الارض ومن جديدٍ .. ضربتنا موجة البغض وها انا استوطن الفراغ شردت عن اهلي مرتين سكنت في الغياب مرتين ارضي ببالي وانا .. وانا .. وانا احترف الحزن والانتظار,1957,الأخوين رحباني,الأخوين رحباني
احكيلي حكايه طويله,احكي لي حكاية طويلة حكاية عن جنينات ورا تلات سماها ظليلة احكيلي قصة جميلة قصة جني الأطياب عضفة غاب ورودو بخيلة قصص الهوى رحلات ليلات الحكي رحلناها قصص الهوى جنات بالحور الهني زرعناها احكي لي عن رحلة طويلة رحلة ورا مواعيد بدنية عيد بالأرض الجميلة,1958,الأخوين رحباني,الأخوين رحباني
احكيلي عن بلدي,إحكيلي إحكيلي عن بلدي إحكيلي يا نسيم اللي مارق عالشجر مقابيلي عن أهلي حكايي عن بيتي حكايي و عن جار الطفولي حكايي طويلي يا نسيم اللي مارق عا أرض الغار حلفتك تجي تلعب عندي بهالدار خبرني انكان بعدو بيذكرني ببلدي و عالسهرة ناطرني ساعات الفرح القليلي حبيبي إحكيلي حلفتك خبرني كيف حال الزيتون و الصبي و الصبيي بفيي الطاحون و اللوزي و الأرض و سمانا هو هني بلدنا و هوانا زهر الأيام البخيلي حبيبي إحكيلي,1979,الأخوين رحباني,الأخوين رحباني
احلى ليالي المنى,أحلى ليالي المنى حين التقينا هنا و الليل من حولنا دنيا طيوب لنا والأسمر الجميل على الرؤى يميل والمخبأ الظليل في البعد يومي لنا الليل حلو الوعود والروض غض الورود وكل مافي الوجود حانٍ على حبنا هذي دروب الغرام طليقة في الظلام سهرانة لا تنام يا حب هيا بنا والأسمر الجميل على الرؤى يميل والمخبأ الظليل في البعد يومي لنا,1953,الأخوين رحباني,الأخوين رحباني
اخر السهريه,على بالي بعدك يا حبيبي على بالي قصص الهوى وليالي الهوى عم تحفر بقلبي ليالي وبعدك يا حبيبي على بالي آخر السهريي تطلعت عليي وبعينيها شفت النهايي ودعتني بكلمي ودعتا بكلمي وخلصت الإيام اللي جايي آخر السهريي وراحت الصيفيي وبعينيها لمحت شخص تاني رحت و عم إطلع و الدنيي ما تسمع والبواب مسكرا وتعباني سألوني عيوني أيمتي بنشوفا قلتلن ما فيي قول ما فيي قول بعرف تودعنا يمكن لبكرا يمكن لبعدو ويمكن على طول يمكن إتودعنا على طول,1979,الأخوين رحباني,الأخوين رحباني
اذا الارض مدوره,ولما القمر غاب وتغرب الليل راحوا الأحباب كل واحد بميل  وإذا الأرض مدورة يا حبيبي رح نرجع نتلاقى يا حبيبي نتلاقي بالبيت بفي القنطرة إذا يا حبيبي الأرض مدورة,1972,الأخوين رحباني,الأخوين رحباني
اذكريني,أذكر الأيام يا حلو الهوي في حلايا الغاب عند الجدول حين كنا و الهوى حلو الغوى نتشاكى في حنين القبل ضمنا الليل على بوح طوى كل ما في قلبنا من غزل فأنا إن أشتكي غر النوى لا تلمني يا حبيبي أنتهي أذكريني كلما الفجر بدا و أذكري الأيام ليل السهر أذكريني كلما الطير شدا و حكى للغاب ضوء القمر أذكريني و أذكر عهد الهنا أترى عشت إذا لم تذكري نحن جمعنا من الليل الغنا و حكايات الجمال المزهر يا حبيبي هرب الليل بنا و مشيناها دروب الحلم فلهونا عند واحات الهنا و جلسنا في ظلال النغم يا صفا دنيا من الورد لنا و عشيات خفاف النسم نتهادى نتهادى و الغنى طائر في كل روض يغتني,,الأخوين رحباني,سعيد عقل
ارجعي يا الف ليلة,إرجعي يا ألف ليلة .. غيمة العطر فالهوى يروي غليله .. من ندى الفجر إن أشواقي الطويلة .. أغفرت عمري و حكاياكي خميلة .. في مدى الدهر,,الأخوين رحباني,رفيق خوري
بالغار كللت,بالــغار كللت أم بالنار يا شـــام أنت الأميرة تعلو بإسمك الهام أواه بضع غماــمات مشردة في الأفق بعض روئاً و البعض أحلام ســألتهن أظللتنها صبحاً شــــام التي وحــــدها للعــــود أنغــــام ما ألهمتني من صوت خلدت به كذا يخلد شـــــك الســــيف مقدام و طالعتني ليال من بطولتها حمر تــغاوت لها في الريــــح أعـــلام كأنما نضجت خضر المواســـم من هوى أغاني و الأشــعار أيـام ختام تشــــــرين هل ناس أوائله إذ هبّ يعتصــــر العــنقود كرام يا شـــــام ســكبك مجد ما يكون إذا بملئ كفك دفــقــاً أفرغ الجـام أقول خالد شــــج الشعر مندفعاً وخط طـــارق فوق البحر رسام يا شــــام لبنان حـــبي غير أني لو توجع الشـــام تغدو حبي الشام,1961,الأخوين رحباني,سعيد عقل
بالمح ظلال الحب,بالمح ظلال الحب بعيونه باستلطفه لكن ما باظهرله خليه يتقلب على ظنونه خلّي الهوى يوعى على مهله بعد الحنين والشك والآلام بيصفى الوداد وبتزهر الأحلام وبيرتوي وقلبه مع الأيام وبيهتدي والشوق بيدله بعده هواه مضعضع ومحتار حب وسؤال البعيد ماله قرار خليه بكرا بتكبر الأزهار جناتها الخضرا بترسم له يا حاير الآمال والأشواق يا ألطف الأحباب والعشاق مشتاق تحكي وقلبنا مشتاق يستسلم لقلبك ويسمع له,1955,الأخوين رحباني,الأخوين رحباني
ببلدي الاول,ببلدي الأول رحبوا في .. وقالوا كتير    اشتاقواعلي ببلدي الأول حوم الحمام صار علي يفي وعمل لي شمسية   لوحوا بإيديهن سألوني إذا فايقة عليهن سألوني سكبوا الورد وسقيوني ببلدي الأول آه ببلدي ببلدي الأول .. رجعت بنت صغيرة أركض ع الطرقات واشوف السما كبيرة ببلدي الأول رجعت الإيام ورجعت مشاويري من جيرة لجيرة    لوحوا بإيديهن سألوني إذا فايقة عليهن سألوني سكبوا الورد وسقيوني ببلدي الأول آه ببلدي وصوتك ندهني حملت حالي وجيت قاللي اتركي أهلك حملت حالي وجيت أنا عندي وطنين هواهن بكاني وطني الأول كبرني ورباني وعـــــيونك حــبيبي يــــــا حبيبي عيونك يا حبيبي وطني التاني      لوحوا بإيديهن سألوني إذا فايقة عليهن سألوني سكبوا الورد وسقيوني ببلدي الأول آه ببلدي رجعت الملكة سعد الملك ضحكت المملكة  وضحك الملك عصفورين عا غصن التقوا عاغصن الزواج عالحب التقوا الملك والملكة بنتركهم يتبادلوا كلام المحبة للملك والملكة,1972,الأخوين رحباني,الأخوين رحباني
برجك عيد,برجك عيد بالبيارق طاير تسلم ايد علت هالعماير خدني و طير عجبال العلية مجد كبير عم شوفه بعيني خير كتير و مواسم غنية ونواطير عالداير عالداير يا خيال إلعب عالحفافي بين جبال فيها الدهر غافي صوت رجال بيقول لك عوافي والشلال يهدر بالبشاير,1974,الأخوين رحباني,الأخوين رحباني
بعثت لك روحي,بعثت لك يا حبيب الروح بعثت لك روحي وقلت لك مادام حتروح خد معاك روحي أنا خايفه ودي لك قلبي وتكون ناسيني و ناسي حبي أنا عاشقة دايماً يا حبيبي روحي ف إيدك يا حبيبي,1970,زياد الرحباني,زياد الرحباني
بكى هواك,بكى هواك على غناء قيثاري متى أراك على طريق داري يا حبيبَيا مـداه في نشيدي ووراء شرودي  ألـقـــاه وفي غـناه حكى هــواه ألا تعود على هناء تلقاني لنا وعود لنا مكان هاني يا بعيد المزار ياصديق سأعيش وعمري  قيثار بكى هواك بكى هواك,1955,بيغي لي,الأخوين رحباني
بيسان,كانت لنا من زمان بيارةُ جميلة و ضيعة ظليلة ينام في أفيائها نيسان ضيعتنا كان أسمها بيسان خذوني إلى بيسان إلى ضيعتي الشتائية هناك يشيع الحنان على الحفافي الرمادية خذوني إلى الظهيرات إلى غفوة عند بابي هناك مدت علات أعانق صمت التراب أذكر يا بيسان يا ملعب الطفولة أفيائك الخجولة و كل شئ كان بابٌ و شباكان بيتنا في بيسان خذوني مع الحساسين إلى الظلال التي تبكي رفوف من العائدين على حنين لها تحكي خذوني إلى بيسان,1956,الأخوين رحباني,الأخوين رحباني
بيتي انا بيتك,"بيتي أنا بيتك وما الي حدا من كتر ماناديتك وسع المدى نطرتك ع بابي وع كل البواب كتبتلك عذابي ع شمس الغياب لاتهملني لاتنساني ماالي غيرك لاتنساني بلدي صارت منفى طرقاتي غطاها الشوك والاعشاب البرية ابعتلي بهاالليل من عندك حدا يطل عليي لاتهملني لاتنسان ياشمس المساكين من أرض الخوف منندهلك
ياشمس المساكين من أيام المظلومين من لفتات الموعودين عم اندهلك خلي يضوي صوتك عليي وأنا عالوعد وقلبي طاير صوبك غنية أنا زهرة من زهورك باركني ساعدني بالدمع بتزرعني بالفرح بتحصدني عدلك فاض عليي كرمك ضواني اذا كلن نسيوني وحدك مابتنساني ناديتك من حزني عرفت انك معي وسعي يا مطارح ويا أرض اركعي",1972,الأخوين رحباني,الأخوين رحباني
بيتنا في الجزيره,بيتنا في الجزيرة على ضفاف النيل أفيائه الوثيرة ينسجها النخيل شباكه مُولّه بالفلك المطلة مقبلةً من عَبر بعيد تمر من أمامي بيضاء كالغمامي أجنحةٌ في موكب سعيد بيتنا في الجزيرة على ضفاف النيل جنته الصغيرة حِما هوىً جميل يا فلك تجئ وقربنا تفئ تحكي عن المسالك الطوال أنت مع الصباح أغنية الرياح وقصة الخيرات والغلال,1958,الأخوين رحباني,الأخوين رحباني
بيقولوا زغير بلدي,بقولو زغير بلدي بيقولوا زغير بلدي بالغضب مسور بلدي الكرامة غضب والمحبة غضب والغضب الأحلى بلدي وبيقولوا قلال ونكون قلال بلدنا خير وجمال وبيقولو يقولوا شو هم يقولوا شوية صخر وتلال يا صخرة الفجر وقصر الندي يا بلدي يا طفل متوج عالمعركة غدي يا بلدي يا زغير وبالحق كبير وما بيعتدي يا بلدي,1977,الأخوين رحباني,الأخوين رحباني
بيني وبينك,بيني و بينك يا ليل في حب و غنيي على بابي بتقعد يا ليل و منسهر ليلي بيني و بينك في أسرار و بتعرف أحزاني تبقى إمرقلي عاهاك الدار و قلو ما ينساني فيق البيت العتيق غافي على الطريق و غافي حدو الزمان  يمكن بكرا الحبيب يمرق متل الغريب و ما يذكر اللي كان,1979,الياس رحباني,الأخوين رحباني
تبقى ميل,تبقى ميل تبقى اسأل متل الأول ضل اسأل الله لا يشغلك بال وديلي منك مرسال ... أسأل أسأل أنا ما بدي تجي و تقول أعذريني مشغول لفتة من بعيد بتكفيني و قلبي لك على طول لا توديلي الزهر سلال و بالشوق تجرح موال بس اسألني كيف الحال اسأل اسأل سهرات القمر الحلوين هجرونا من سنين زعلوا ناس و رضيوا ناس و نحنا المنسيين أيام تغرب و قبال عينيي عالدرب خيال و بلبل عاشق غط و قال اسأل اسأل,1970,الأخوين رحباني,الأخوين رحباني
تك تك يام سليمان,تك تك تك يام سليمان تك تك تك جوزك وين كان تك تك تك كان بالحقلة عم يقطف خوخ ورمان يا ستي يا ست بدور شوفي القمر كيف بيدور والناطورة بدا شمس والشمس بعقد المرجان عمي يا عم الحطاب خلينا نلعب عالباب والجارة بدا قمحة والقمحة عند الطحان يا جدي يا جد التلج لحيتك غطت عالمرج والهوا بدو خيمة والخيمة بدا خيطان دوينني الجمال يحني بالقنطرة شو طعميناهن قمح و درة شو سقاينهن ميي معطرة يا عمي الغراب جوزني بنتك,1967,الأخوين رحباني,الأخوين رحباني
تنذكر ما تنعاد,تنذكر ما تنعاد ونشوفك بالاعياد تعمر وتجيب ولاد بس انساني تنذكر ما تنعاد ويصيروا الاشيا بعاد في غيرك ناس جداد في شي تاني شو هالحب اللي طالعلي فيه شو هالقلب اللي بس نسمع فيه بتبلش حب وما بتكفيه تنذكر ما تنعاد تترك أرض الأجداد وتجرب غير بلاد لا تنساني شو هالعمر اللي مش باقي شي لولا الوقت الولا خلى شي خلالي طريقي ورح أمشيه كان عندي عيد ميلاد ذاكر وقتو بالكاد تهرب متل الولاد شي تنساني حتى عيدي بكره فكر فيه لون الشمع اللي لازم أطفيه بتمنى تنسى حبي وتعفيه,2001,زياد رحباني,زياد رحباني
جاي انا,جاي انا جاي جاي لعندك جاي رح يخلص الموسم وافضى للمحبة وينك يا حبيبي ت حطك بقلبي اعمل لي عندك خيم من جوانح الغيمه بالحب مضوايه جايي انا جاي بكرا مشاويري لعندك بتحملني وعنك يا حبيبي ما حدا بيشغلني هني عوقوني بشغلي و نطروني وقربت الحكايه وجاي انا جاي,1963,الأخوين رحباني,الأخوين رحباني
جلنار,يا صبح روج طولت ليلك خليت قلبي نار بلكي بتجي أختك تغنيلك بلكي بتجي جلنار صرخات عم بتموج بالوادي معنزق عليها ضباب لبعيد عم بتروح و تنادي بيظهر حبيبو غاب راعي بكي و منجيرتو متلو بكيت تيتسلى شو قولوكن عالسكت قالتلو شو قولكن قلا خليك حدي تيروق الجو و رندح و سمعني و لمن بيطلعلك يا راعي الضو تبقى تودعني وقفت قلبي عالدرب ناطور تفاق ألف نهار ووعيت الشمس و زقزق العصفور و ما إجت جلنار,1953,الأخوين رحباني,ميشال طراد
جينا لحلال القصص,جينا لحلال القصص تنحل قصتنا ولقينا في عندو قصة يا ما احلا قصتنا كل واحد عندو قصو وكل قصة إلها قصة وبيخلص العمر وما بتخلص القصة,1968,الأخوين رحباني,الأخوين رحباني
حبيبي بده القمر,"حبيبي بده القمر والقمر بعيد والسما عالية ما بتطالها الأيد طلعت على السطح دلّوا علي الناس قالوا ماادري شو بها وخبّروا الحراس قلت لهن بدي القمر قالوا القمر غالي حقه عشر ليالي عشر ليالي سهر
وإلي عشر ليالي عالسطح سهرانة وحاسة بحالي تعبانة ونعسانة خايفة لأنام وينزل القمر ويلاقيني غافية وتسرقه جارتنا يا اللي مزاعلتنا وتعطيه لحبيبي ويحبها حبيبي وأنا صير غريبة",1967,الأخوين رحباني,الأخوين رحباني
علوا ابواب الوسيعه,علو ابواب الوسيعة الدار جيناها رجعوا اصحاب الشيم والعز ضواها دقو البيارق على حد الفرح والنار والدار للي بني حجارها و علاها قال القوال وغنى قلنا : شوقال ؟ الساحة ولعاني عنا بصوت القوال ردو حواليي ردو القول المرصود المرصود  لكاتب حدو عالغيم حدود ولما الفرسان احتدو وطش البارود انهزوا الاشيا وانهدو والصخر انشال شعرك زهرة محروقه بحراش الليل الليل الطاير عنزوقه من ميل ل ميل ويا سمره ياعيوقه بصهلات الخيل انتي النبله الممشوفه بأيد الخيال قادر  يا صوت القادر بالمجد تجن تجن و بالرد تبادر ت الردة تعن عم يهدر نهر الهادر والصنج يرن وبيدر مزروع بيادر مزروع رجال,1966,الأخوين رحباني,الأخوين رحباني
"تحت العريشه",تحت العريشة سوى قعدنا سوى وقلنا كرم المحبة استوى وخبى منازلنا يا زهور يا عم يندهو البلبل لفي وغنى الكانو يحبو ألتهو بغيرنا عنا تهنا بدروب الحكي وكان الحكي إلنا القلوب اللنا تشتكي والحب سألنا,1995,الأخوين رحباني,الأخوين رحباني
تخمين,تخمين راحت حلوة الحلوين وما ضل في غير الحبق تخمين هالـــــقلب انطبق وماعاد يرجعلي بعد تخمين وغاب القمر من فوق بيتون غا وما عاد رح بيطلّ واســــود لون الفلّ والزنبقة البيضا ال حد الباب بآخر هاك البستان في ممرق بيجيب عا بالي البكي مطرح ما كانت ترتكي مفرخ على جفافه العشب أزرق وطالع عريشة  معششة فيها الطيور مطرح ما هرت دمعتها وبعدهن بيحكو حكايتها هونيك كم بنفسجة خلف الصخور,1973,الأخوين رحباني,ميشال طراد
تدور الارجيله,دارت الارجيلة يا اهلا بالارجيلة نتسمع على كرّتها نسهر على تقسيمتها ونشوف الليلة الطويلة مش طويلة تدور تدور الارجيلة تدور ياصبية مافي الها ناطور تهل علينا و تطل علينا وعلى غيم  الدخان تدور تدور على ناس قاعدين مع ناس على نفس الكراسي وراق الكاس جمعتهن الارجيلة بالليلة الطويلة والسهرة بخيلة والغنية تدور ولما بمرق تحت النار عيونك بتخبيني ... وبندهلك ياقمر نوار وبحطك ع جبيني رقصة ع حديد البواريد خطر جديد وفرح جديد انا قنديل وانت العيد انا حقلة وانت الناطور,1970,الأخوين رحباني,الأخوين رحباني
تعا ولا تجي,تعا ولا تجي وكذوب عليّي الكذبة مش خطيّة وعدني أنّو رح تجي وتعا .... ولا تجي ع عتاب البواب الأبر عمبتحيّك بتحيّك تكّاية .. وتحيّك حكاية والأبر مسنونة والعيون مسنونة وياخوفي الحكي يجي الحسد عالطريق .. الحسد عمبيزهّر زهّر بالدّوارة وزهّر عند الجارة وغزلت بمغزلها قصتنا بمغزلها ولوين رح التجي تتعا ولا تجي وكذوب عليّي الكذبة مش خطيّة وعدني أنّو رح تجي وتعا ولا تجي,1964,الأخوين رحباني,الأخوين رحباني
تعال كفاك دلال,تعال تعال..كفاك دلال.. كفاك زهوّا بتاج الجمال.. تعال..تعال تعال.. ضلوعي تحن وروحي تذوب وتذكر يوم حوانا الغروب لأنت حبيبي نجيّ القلوب وانت الرجاء وانت الخيال.. عيونك فيها الفصول الفصول فديت العيون وسحر العيون كفاك حبيبي رفيف الجفون اراك تجافي وتبغي الوصال حبيبي كنت وحيدا اطير فجئت بلحنك عبر الاثير ملكت هوايا وكنت الاسير رضيت بأسري ولكن تعال تعال تعال..كفاك دلال..,1952,الأخوين رحباني,شفيق جدايل
تلفن عياش,تلفن عياش لما توقعنا وناطرينه تلفن عياش تلفن يعني الله يعينه تلفن عياش تلفن، تلفن عياش تلفن كذب عياش لما توقعنا و ناطرينه كذب عياش ما بيحلف إلا بدينه تلفن عياش كذب تلفن عياش كذب تلفن عياش وقال الاشيا مظبوطة جود عياش وعرفينا مش مظبوطة بيقلك كل شي تمام غط حمام وطار حمام تلفن عياش و حرفه بيعرف كيف يزينه موفق عياش كيف لالله عم بيعينو تلفن عياش و خبر ليه ما بيتلفن يكذب عياش يكذب راقي و بيجنن بيقلك هوي مظلوم هوي واضح و مفهوم فشط عياش ومتل العادة منعرف مينو تلفن عياش فشط يعني الله يعينه تلفن عياش فشط تلفن عياش فشط وأخيرا تلفن عياش متل ما كأنو ما تلفن,2000,زياد رحباني,زياد رحباني
عن حبك غنينا,عن حبك غنينا ولقربك حنينا وحكينا حكايات عن ملقانا استنظرنا وسهرنا تواعدنا وسعدنا والليل يزرع بالهوى دنيانا لونا أيامك زينا أحلامك طرقاتك بأشواقنا فرشناها وبكينا وما حكينا وزعلنا وما قلنا ساعات حلوة بالهوى عشناها ليلي يتيه والشوق غاوية والقلب ما بيهدى ذكراك تضنيه ما أجمل أطيارك عم تنزل عدارك وتقول يا حلو الهنا لاقينا والزنبق يتشوق والجدول عم يسأل يلا نغني للهوى غنانينا,1958,الأخوين رحباني,الأخوين رحباني
غيب يا قمر,غيب غيب غيب غيب يا قمر روح .. روح .. نام .. نام بالشجر ما منحب السهر ما منحب السمر معك .. يا قمر,1953,الأخوين رحباني,الأخوين رحباني
"غرب الحسون",غرب الحسون والزنبق تكي وتشرين عم يجمع الزهر الليلكي ما عاد تحرز هيك قلك شو بني كترت قصصنا وما بقى يساع الحكي,1966,الأخوين رحباني,الأخوين رحباني
غرب يا هوى,غرب يا هوى شرق يا هوى حاكيني حبيبي وقعدنا سوا وتعبنا الهوى دخاك يا حبيبي قصد العين وانا ع العين وقال لي وين بشوفك وين وعين تخاف وتدمع عين قال وقال والورد مال وصار الدار على هالحال نسيت البيت وأخرني حبيبي قصد الحي وأنا بالحي وقال لي طلي قبالي شوي وكل الناس يدلوا علي وتخبيت بدرج البيت فزعت يشوفوا وان طليت زعل وفل وشو بفكره حبيبي,1962,الأخوين رحباني,الأخوين رحباني
,في قهوة عالمفرق في موقدة و في نارنبقى أنا و حبيبي نفرشها بالأسرار جيت لقيت فيها عشاق اتنين زغار قعدوا على مقاعدنا سرقوا منا المشوار يا ورق الأصفر عم نكبر عم نكبرالطرقات البيوت عم تكبر عم تكبر تخلص الدنيي و ما في غير يا وطني يا وطني أه بتضلك طفل زغير متل السهم الراجع من سفر الزمان قطعت الشوارع ما ضحكلي انسان كل أصحابي كبروا و أتغير اللي كان صاروا العمر الماضي صاروا دهب النسيان,1974,الأخوين رحباني,الأخوين رحباني
سالوني الناس,سألوني الناس عنك يا حبيبي كتبوا المكاتيب وأخدها الهوا بيعز علي غني يا حبيبي ولأول مرة ما منكون ســـوا سألوني الناس عنك سألوني قلت لهن راجع أوعى تلوموني غمضت عيوني خوفي للناس يشــــــــوفوك مخبا بعيوني وهب الهوا و بكاني الهوى لأول مرة مـــا منكون ســوا طل من الليل قال لي ضوي لي لاقاني الليل وطفا قناديلي ولا تســـأليني كيف إستهديت كـــان قلبي لــعندك دلـيـلي واللي إكتوى بالشوق إكتوى لأول مرة مــــــا منكون سوا,1973,زياد رحباني,الأخوين رحباني
زوروني كل سنه مره,زوروني كل سنة مرة حرام تنسوني بالمرة يا خوفي و الهوى نظرة تجي و تروح بالمرة حبيبي فرقتك مرة حرام تنسونا بالمرة,1921,سيد درويش,يونس القاضي
عين الرمان,عالتلة الخضرا و أنت و طالع صوب المزارع العاليي في ضيعة حلوي بيوتها جداد و شوارعها واسعة طرقاتها مسيجي بالزهور هالضيعة أسما عين الرمان يا عين الرمان يا ضيعة مسحورة بالمنتور الغويان مغمورة يا عين الرمان يا خضرا يا حلوي يللي الزنبق نيسان عم تضوي حن القلب و مال و النرجس قاملك فييو بعين الرمان ناجي الحب و طار و الملقى كان بضيعة عين الرمان وين بيتلاقوا الأخوان عمفارق عين الرمان وين بتتغنى الألحان بجناين عين الرمان,1955,الأخوين رحباني,الأخوين رحباني
غرب الحسون,غرب الحسون والزنبق تكي وتشرين عم يجمع الزهر الليلكي ما عاد تحرز هيك قلك شو بني كترت قصصنا وما بقى يساع الحكي,1966,الأخوين رحباني,الأخوين رحباني
غرب يا هوى,غرب يا هوى شرق يا هوى حاكيني حبيبي وقعدنا سوا وتعبنا الهوى دخاك يا حبيبي قصد العين وانا ع العين وقال لي وين بشوفك وين وعين تخاف وتدمع عين قال وقال والورد مال وصار الدار على هالحال نسيت البيت وأخرني حبيبي قصد الحي وأنا بالحي وقال لي طلي قبالي شوي وكل الناس يدلوا علي وتخبيت بدرج البيت فزعت يشوفوا وان طليت زعل وفل وشو بفكره حبيبي,1962,الأخوين رحباني,الأخوين رحباني
غمر الغداير,وتمرق صبيي تمشور دغوش الغياب تــرندح قــصيدة غيبتها من كـتــاب و يا شعرها الناطر شي إيد تجدله بعدك زغير عــــالمحبة والعذاب غمر الغداير طاير عالريح طاير طاير يا شعر من ليل وبكي بالبال ضلك طاير قطر الندي حب الندي نقط على الورد وهدي يــــا طير عالنبعة غدي غني لي هالبشــــاير وين العسل شهد العسل لما برق شالها وهدل وميت بإيدها عالجبل وإتــــعلت العمايــــر يكتب صلاة يودي صلاة لعيونها ويحلى العلا تتلفت وتضوي على لـــفتاتها المنايـر,1964,الأخوين رحباني,الأخوين رحباني
غيب يا قمر,غيب غيب غيب غيب يا قمر روح .. روح .. نام .. نام بالشجر ما منحب السهر ما منحب السمر معك .. يا قمر,1953,الأخوين رحباني,الأخوين رحباني
فايق ولا ناسي,فايق و لا ناسي عالمفرق شو بكينا يا حبيبي يا قاسي يا ناسي ليالينا فايق شو تمشينا بالليل عالطرقات شو رحنا مضينا بضو القمر سهرات و على أحلى الاماسي فايق و لا ناسي فايق عالتنزيهة بالقهوة اللي عالمي نبقى نقعد فيها و ستاير زرقا شوي و عالحمر الكراسي فايق و لا ناسي,1961,الأخوين رحباني,الأخوين رحباني
فايق يا هوى,فايق يا هوى ليم كنا سوى والدمع سهرني وصفولي دوا تاري الدوا حبك وفتش عالدوا فايق لما راحوا أهالينا مشوار تركونا وراحوا قالوا أولاد صغار ودارت فينا الدار ونحن أولاد صغار والهوى جمعنا وفرقنا الهوي طير المسا جاي من سفر طويل وعلى باب السهرة تبكي المواويل نطفي القناديل وتبكي المواويل ونسهر على العتمة تنينتنا سوى فايق ع سهرة وكان في ليل وندي والنار عم تغفى بحضن الموقدي والعتوب مسافرة وما في كلام ولاهدي قلبك ولا قلبي هدي ونام الحكي والناس وانهد السراج وتكيت غصون الورد ع كتف السياج وفل القمر ع ضيعتو وفلوا الدراج وقلك بقاش بكير و تقلي اقعدي,1968,فيلمون وهبه,الأخوين رحباني
نسم علينا الهوى,نسم علينا الهوا من مفرق الوادي يا هوا دخل الهوا خدني على بلادي يا هوا يا هوا يللي طاير بالهوا في منتورة طاقة وصورة خدني لعندن يا هوا فزعانة يا قلبي أكبر بهالغربة ما تعرفني بلادي خدني على بلادي شو بنا شو بنا يا حبيبي شو بنا؟ كنت وكنا تضلو عنا وافترقنا شو بنا وبعدا الشمس بتبكي عالباب وما تحكي يحكي هوا بلادي خدني على بلادي,1967,الأخوين رحباني,الأخوين رحباني
نحنا والقمر جيران,نحنا والقمر جيران بيته خلف تلالنا بيطلع من قبالنا يسمع الألحان نحنا والقمر جيران عارف مواعيدنا وتارك بقرميدنا أجمل الألوان وياما سهرنا معه بليل الهنا مع النهدات وياما على مطلعه شرحنا الهوى غوى حكايات نحنا و القمر جيران لما طل و زارنا ع قناطر دارنا رشرش المرجان,1995,الأخوين رحباني,الأخوين رحباني
كيفك انت,بتذكر أخر مرة شفتك سنتا بتذكر وقتا أخر كلمة قلتا و ما عدت شفتك و هلق شفتك كيفك أنت ملا أنت بتذكر أخر سهره سهرتا عنا بتذكر كان في واحدة مضايق منا هيدي أمي بتعتل همي منك إنتا ملا إنتا كيفك قال و عم بيقولو صار عندك ولاد أنا و الله كنت مفكرتك براة البلاد شو بدي بالبلاد الله يخلي الولاد بيطلع عبالي ارجع أنا و اياك انت حلالي ارجع أنا وياك أنا و انت ملا انت بتذكر اخر مرة شو قلتلي بدك ضلي بدك فيكي تفلي زعلت بوقتا و ما حللتا أنو انت هيدا انت بترجع عراسي رغم العيال و الناس إنتا الاساسي و بحبك بالأساس بحبك أنت ملا أنت,1991,زياد رحباني,زياد رحباني
كنا نتلاقى,كنا نتلاقى من عشية ونقعد على الجسر العتيق وتنزل على السهل الضبابة تمحي المدى وتمحي الطريق ما حدا يعرف بمطرحنا غير السما وورق تشرين ويقلي بحبك أنا بحبك ويهرب فينا الغيم الحزين يا سنيني اللي رح ترجعيلي رجعيلي شي مرة ارجعيلي وانسيني ع باب الطفولة ت أركض بشمس الطرقات يا سنيني اللي رح ترجعيلي رجعيلي شي مرة ارجعيلي ورديلي ضحكاتي اللي راحوا اللي بعدا بزوايا الساحات بتذكر شو حكيوا عليي لما نطرت وأنت نسيت وصار الشتي ينزل عليي وإجا الصيف وانت ما جيت يا سنيني اللي رح ترجعيلي رجعيلي شي مرة ارجعيلي وانسيني ع باب الطفولة ت أركض بشمس الطرقات,1975,الأخوين رحباني,الأخوين رحباني
راجعين يا هوى,راجعين يا هوى راجعين يا زهرة المساكين راجعين يا هوى على دار الهوى على نار الهوى راجعين منودع زمان منروح لزمان ينسانا على ارض النسيان منقول رايحين منكون راجعين على دار الحب ومش عارفين راجعين يا هوى على دار الهوى على نار الهوى راجعين مغرور يا هوى يا هوى مغرور يا حبيبي يا ورده على سور نحنا العاشقين على طول عاشقين وانتو بليا لينا عايشين نحنا العاشقين عاشقين عاشقين وانتو بليالينا عايشين راجعين يا هوى على دار الهوى على نار الهوى راجعين,1974,الأخوين رحباني,الأخوين رحباني
عروستنا الحلوه,عروستنا الحلوه يا نيسانه حلوه يا مشوار من دار لدار يـــــــــــا حلوه تتبارك حجار البيت .. تتبارك العتبه والخوابي نبيد وزيت وتفيض المحبه كوني قمح وسكر ، كوني ورد وعنبر وقنديل الزوّار اللي متوّج بالغار يــــــــا حلوه كبروا زهور البساتين ومتل الكذبة كبرتي وحليتي بين الحلوين  ولـعريسك صرتي عالحب تلاقيتوا وعِمرِت قصة بيته ودار الهوى دار من دار لدار يـــــــا حلوه,1969,الأخوين رحباني,الأخوين رحباني
معافى ياعسكر لبنان,معافى يا عسكر لبنان يا بو زنود المسمية وتتغاوى أرزة لبنان فوق جبال الحرية يا خضرا ترقص عمطُل وبحكايات العز تطل وتمد شلوحها للكل وعبيوت الكلّ تفيي ويا خضرا ترقص عمطل وبالخير وبالحب تهلّ شمسك هالمضوية تضلّ بهالدنيي مضويي,1974,الأخوين رحباني,الأخوين رحباني
معرفتي فيك,معرفتي فيك إجت عا زعل معرفتي فيك ما كانت طبيعيي من بعد ملل حبك لإلي بلش متل الشفقة كان بدي حنان و ما كنت سألاني و علقاني بهالحلقة محتاجي إنسان بس اليوم ما بعرف كيف قلك يمكن هلق عم قلك حبيبي لآخر مرة بقلك حبيبي مش أنت حبيبي,1983,زياد رحباني,زياد رحباني
معك يا حبيبي,معك راح ابقى يا حبيبي معك لو دبل الورد وما عاد في قمر لو خلصت القصص وأغاني السهر أنا يا حبيبي راح ابقى معك معك يا حبيبي  راح ابقى عا طول بالصيف وبالشتي وبشمس الحقول كل الليل الغريب وعالسهر المجهول أنا يا حبيبي معك معك راح ابقى يا حبيبي معك معك راح ابقى يا حبيبي معك لو دبل الورد وما عاد في قمر لو خلصت القصص وأغاني السهر أنا يا حبيبي راح ابقى معك معك يا حبيبي بدي ابقى سنين حتى لو .... وصرنا منسيين عاسياج الأيام بسفر الأحلام معك راح ابقى يا حبيبي معك لو دبل الورد وما عاد في قمر لو خلصت القصص وأغاني السهر أنا يا حبيبي راح ابقى معك,1998,الياس رحباني,الأخوين رحباني
من روابينا القمر,من روابينا القمر جاءه أمله خبر جايلته رندلى ودمى الحسن الآخر طالما فاجئنه حافيا فوق الزهر مزقت من ثوبه نزوات لا تذر هم ما هم و من غزلنا يكسى القمر العذارى حوله في الربى عقد شرر ضحكة طافرة ونشيد في الأثر والمساء المنتحي بعد هاتيك الصور ذاهل شال به صوتنا المختكر والروابي نهضت فوق تجوال النظر يا ترى العمر قمر,1999,الأخوين رحباني, سعيد عقل
نام ولا تنام,نام ولا تنام شوف ولا تشوف بيارق السفرفوقنا عم تلمع ورق الشجرعم يتودع نام ولا تنام شوف ولا تشوف بين الغفا والصحو غمضة عين بين الصغر والكبر غمضة عين بين السنونو والسطح غيبة سنة رح يفلوا بغيبتك وتفل الدني وبكرا اذا رجعوا رفوف السنونو بيتي بلا سطح وين بدهن يغطوا؟ قولك عالشمسية ؟ وبكرا اذا رجعو رفوف السنونو بيلمحوا من بعيد قصرك العالي وسطحك القرميد وشمسيتي زغيرة وسطحك كبير بيعششوا  بقصرك وبينسونا كتير يا حسرتي علينا ما عاد يجي لعنا حتى العصافير نام ولا تنام شوف ولا تشوف,1971,الأخوين رحباني,الأخوين رحباني
ندى,ندى بسمة الورد للندى في الصباح ندى همـسـة الطهر في شفاه الاقاح ندى شــــــــعلة الحب قبلة الارواح كم من وشاح كساها الجمال كم من وشاح اخت الفراشــــــــات يلعبن حاليات الجناح لم تبقِ للزهر والطير من شـــــذاً وصداحِ رضابها للحميّا والخد للتفاح كم من وشاح كساها الجمال كم من وشـاح ندى يا من ســلسل الخمر في الثنايا العذاب من صفصف الشعر فوق الجبين سطر كتاب رددتلي بعد يأسي حلم الهوى والشباب من انتِ؟  الله لمّا عـضّت على العنّاب وصفصفت بيديها وغمغمت بالجـواب سل الرياحين عني وسـل حنين الرباب,1954,الأخوين رحباني,بشارة الخوري
نسيتنا الكروم,نسيتنا الكروم البعيدة نسيتنا الكروم ونسيتنا تلال القمر نسيتنا النجوم السعيدة نسيتنا النجوم وضيعنا ليالي السهر رحنا ع دار الهوى بليلة غوى تانزور اللي كان حوض وبقية زهر وحكاية عطر محاها الزمان نسيتنا القصص ياحبيبي حكايا الجمال خليني ع بالك حبيبي غنية ع بال,1958,الأخوين رحباني,الأخوين رحباني
نشيد المقاومه,خلصوا الأغاني هني وغنوا عالجنوب خلصوا القصائد هني وصفوا عالجنوب ولا شهداء قلوا ، و لا شهداء زادوا  واذا واقف جنوب، واقف باولاده خلصوا القضايا هني ويردوها عالجنوب كسروا المنابر، هني ويعدوا   عالجنوب يلي عم يحكوا اليوم، هو غير اللي ماتوا المعثر بكل الأرض دائما هو ذاته هيدي مش غنية هيدي بس تحية وبس,2000, زياد رحباني, زياد رحباني
ياحلو ياقمر,يا حلو يا حلو يا قمر يا ندي على غصن سجر يا أمي أستوى كرمنا يا أمي حليو عناقيدو يا أمي وأخضر الجنا الله بيصونو ويزيدو ساكن على شباكنا طير ونحنا ما منريدو لكن لحنو بيضيقنا منضل نقولو ونعيدو ما احلاك عدروب غير دروبنا وقلوب غير قلوبنا بتضل تترجاك محلاك واقمار غير اقمارنا تحاكيك عن أسرارنا وتقلنا شو باك يا أمي لاح بحينا ما عاد بيلوح بأيدو طل الهوى يا ذلّنا  لما بتروح مواعيدو,1996,الأخوين رحباني,الأخوين رحباني
يارايح ع كفر,يا رايح ع كفر حالا امروق بسوق العنّاب في بنت بتنسى حالها وهي على هاك الباب خبرنا كيف احوالها يا رايح ع كفر حالا ع شــمالك في دكــانة بتبيع مغازل صـوف بنت بتقعد ســـــهيانة تنطر تيجيها ضيوف حلوة والخصر بيلوي وما بتعرف انا حــلوة لا تفوّقها على حالها بلكي اشــــغلت لها بالها تعرفــــها من عينيها بيضلو تعبــــــانين وتتطلـــّع ع إيـــديها وع خواتمها الحلوين قـــرّب خبرها عنّي بلـكي زعلانة مــــنّي واسرق لي وإنت قبالها خيط زغيّر من شاله وان كان حالتـــها حالة وع ريفـها شفت دموع قل لها عنيها ببــــالي همـــها  بوجهّي مزروع وتحرقني هاك الضحكة ال بدها تحكي وما بتحكي ياخوفــي من خيالــــها والبعـــد يغير حالـــها,1970,الأخوين رحباني,الأخوين رحباني
ياقمر على دارتنا,يا قمر على دارتنا يا حكاية سهرتنا يللي فتنتنا حلوة يا جارتنا يا قمر على دارتنا ع تلالك ليلتنا رقصة حملتنا وصوبك أخدتنا شفناك ميلنا بهالليل وسألنا تاريك حاببنا وما بتقول شو زعلنا والقمر على دارتنا حكاياته بسهرتنا رقصة حملتنا وصوبه أخدتنا,1997,الأخوين رحباني,الأخوين رحباني
ياقمر لشو تطلع,ياقمر ياقمر ضوي ضوي عاشجر وياشجر بالسهر لوح لوح للقمر ياقمر ياقمر لشو تطلع ياقمر لولا بتقعد تتسمع من خلف الاوراق مش احسن ما تقوم تطلع وتفضح العشاق و تضوي و تكشف صور وتحكي و يزيع الخبر احلى تضلك قمر زغير لشو تكبر ياقمر سافرت كتير وضويت عمرك كلو راح لولا بتلقيلك شي بيت وبتقعد ترتاح هالعيشة الكلها سفر بكرا بتجبلك ضجر خلينا نشتاق عليك غبلك سنه ياقمر,1971,الأخوين رحباني,الأخوين رحباني
يامحلا ليالي الهوى,يا محلا ليالي الهوى يوم اللي التقينا سوى والخيمة عالعالي عالعالي كان رح بيطيرها الهوا يا خيمة اللي عمرها بالبنفسج زنرها وبالشجر ع دايرها علق مراجيح الغوى يا هاك الصبح لما خصلة الشعر لمها عناقيد العلى إمها تقول تقول الكرم إستوى منديل القصب شلته بجروح الهوى غزلته ما في له دوا سألته ؟  جوابني ما في له  دوا,1963,الأخوين رحباني,الأخوين رحباني
يوم و يومين و جمعة,يوم و يومين و جمعة وشهر و شهرين تعبت بعيني الدمعة وين غايب وين شهر و شهرين و بعدك بعدك بتقول تقول محافظ عا وعدك و الوعد يطول و قلبي الناطر عابعدك بالو مشغول مشغول و ليلو بعدك صاير ليلين عالعالي طاروا و علوا جوز حساسين حساسين و راحوا غلوا بعب الشربين و يسأل وينن و نقلو راحوا الحلوين الحلوين الكانوا يملوا من راس العين زهر شباكك زهر شباكك فل الفل العجبينك نور نور عالكل و جينا لعندك تانسهر ما كنت تطل و طل الشوق المسهر دمعات العين,,الأخوين رحباني,الأخوين رحباني
يريد زهره,يريد زهرة وليس فى الروض زهور ووردنا لم يعقد عبير والحقل من غير طيوب يريد زهرة هل تسمعين ياطيور؟ من أين لى زهر وورد؟ وما ترى أهدي حبيبي؟ سأجمع الشوق بقلبي  وأقطف اللحن الغني وانتقى من روض حبي  براعم الحزن الوفير  ومن شذا النسمات ألم كل طيب فأجمع الباقات للساحر الحبيب يريد زهرة وليس فى الروض زهور ووردنا لم يعقد عبير والحقل من غير طيوب يريد زهرة هل تسمعين ياطيور؟ من أين لى زهر وورد؟ وما ترى أهدي حبيبي؟,1955,الأخوين رحباني,الأخوين رحباني
يا رعيان الجبال,يارعيان الجبال اذا طلعتوا عالجبال قولوا لحبيبي عادت ايام الــــــهوى ياقطافين الكروم اذا قطفتوا الكروم قولوا لحبيبي رجع زمان الــــهوى قولوا له الزعل راح والهوى عم يقطف قمره واللوم انتهى وارتاح هالقلب وقبل بســهره قولوا له الناطر ناطر والمشـــــتاق اشتاق ورجعت عالقناطر نجمة العشــاق وقولوا لحبيبي انه حــــــبيبي ع اصوات العصافير عم اكتب حبي وعتبي دلوا عليي النواطير والغربا عرفوا بتـــعبي قولوا له العمــــر قصيّر وشمس العمر خيال وقصر الحب زغيّر والســــــاعات قلال وقولوا لحبيبي انو حبيبي,1969,الأخوين رحباني,الأخوين رحباني
يا ريت انت وانا بالييت,يا ريت أنت و أنا بالبيت شى بيت أبعد بيت ممحي ورا حدود العتم و الريح و التلج نازل بالدنيي تجريح يضيع طريقك ما تعود تفل و تضل حدي تضل و يزهر و يدبل ألف موسم فل و تضل حدي تضل حدي تضل و ما يضل بالقنديل نقطة زيت,1963,الأخوين رحباني,الأخوين رحباني
يا زنبق,يا زنبق يا غاوي بسياجه ومفيي بوراقك ع دراجه بيجي يتكي وبيطول الحكي يا بلبل بخيال عناقيده بتقول له ما ينسى مواعيده ودينا لشباكه يمام ولقلبه ملام ولعيونه سلام  ميل يا ستار و تيه عالدار لوح للعين جنات وزرار,1955,الأخوين رحباني,الأخوين رحباني
يا شام عاد الصيف,يا شَـامُ عَادَ الصّـيفُ متّئِدَاً وَعَادَ بِيَ الجَنَاحُ صَـرَخَ الحَنينُ إليكِ بِي: أقلِعْ، وَنَادَتْني الرّياحُ أصـواتُ أصحابي وعَينَاها وَوَعـدُ غَـدٌ يُتَاحُ كلُّ الذينَ أحبِّهُـمْ نَهَبُـوا رُقَادِيَ وَ اسـتَرَاحوا فأنا هُنَا جُرحُ الهَوَى، وَهُنَاكَ في وَطَني جراحُ وعليكِ عَينِي يا دِمَشـقُ، فمِنكِ ينهَمِرُ الصّبَاحُ يا حُـبُّ تَمْنَعُني وتَسـألُني متى الزمَنُ المُباحُ وأنا إليكَ الدربُ والطيـرُ المُشَـرَّدُ والأقَـاحُ في الشَّامِ أنتَ هَوَىً وفي بَيْرُوتَ أغنيةٌ و رَاحُأهـلي وأهلُكَ وَالحَضَارَةُ وَحَّـدَتْنا وَالسَّـمَاحُ وَصُمُودُنَا وَقَوَافِلُ الأبطَالِ، مَنْ ضَحّوا وَرَاحوا يا شَـامُ، يا بَوّابَةَ التّارِيخِ، تَحرُسُـكِ الرِّمَاحُ,1976,الأخوين رحباني,سعيد عقل
يا شاويش الكراكون,أرضك غنيي ماشاالله بيوتك رضيي من الله عاجبالك العز رايي عليي خاف الله يا شاويش الكراكون و حياتك لا تآخرنا إم الأصفر عالبلكون قالت بدا تنطرنا يا شاويش الكراكون الكراكون الكراكون ردت ردت قمطتها عالغرة العسليي و الشوق اللي بلفتتها من إيام الصيفيي و لما طارت غرتها و الهوا لوح جبهتها غربتنا بجوز عيون عيون عيون عيون عيون شدت شدت زنارا عازهور الخصر المايل و الياقوت المحتارة مشغولي بالجدايل و لما بهيك الإشاره يقلا بحبك يا جارا قالت حبي كلو جنون جنون جنون جنون جنون,1970,الأخوين رحباني,الأخوين رحباني
اقول لطفلتي,أقول لطفلتي إذا الليل برد وصمت الربى ربا لا تحد نصلي فأنت صغيرة وإن الصغار صلاتهم لا ترد أقول لجارتي الا جئتي نسه فعندي تين ولوز وسكر نغني فأنت وحيدة وإن الغناء يخلي إنتظاركِ أقصر عندي بيت و أرضٌ صغيرة فأنا الأن يسكنني الأمان لا أبيع أرضي بذهب الأرض تراب بلادي تراب الجنان وفيه ينام الزمان أقول لبيتنا إذا صرت وحدي وهبت ليال بثلج و برد ليالي وبيتي نار ويمضي الشتاء رفيقاُ كغابة ورد,1999,الأخوين رحباني,الأخوين رحباني
اسمر يا اسمر,أسمر يا أسمر طاب بك العنبر وفي لماكَ إنجلى وشعشع الكوثر كبرت عن حبنا وربنا أكبر بحق عينيك هل أقبلت تستغفر ولا تحاذر جفا فإننا نعذر يا أسمر يا ناسيا عهدنا متى تذكر وعدتنا باللقا ولم تزل تهجر والشوق لا يرعوي والقلب لا يصبر يا أسمر أهكذا حبنا كالحلم أو أقصر لا كان ذاك الضحى والموعد المبكر وملتقى لم نبح فيه بما نضمر وخلوة لم يكن أنقى ولا أطهر يا سمرة ما غزا بمثلها عنتر ونظرة مثلما تلفت الجؤذر وبسمة فوق ما تموّج المرمر وهمسة حلوة يا أهلها خبّروا ما ذنبنا أننا بالحب لا نذكر وأننا طوع ما ينأى وما يأمر يا أسمر,,الأخوين رحباني,الأخوين رحباني
اطلعي يا عروسه,اطلعي يا عروسة عالكرم نقي العنب وطلعت العروسة من الكرم طار العنب وطلعت العروسة تنقي تين ضحك لها الناطور وقلبو حزين ولوحت بعيونو لفته مليانه عتب وضاع بهالبراري وانبح صوت القصب وطلعت العروسة تنقي عريس رماها الهوي ونقاها العريس لبست الأساور والطرحة كلا قصب رقصت العروسة وضحك رنين الدهب,1967,الأخوين رحباني,الأخوين رحباني
الأرض لكم,الأرض لكم..فـ الأرض تبتهج بملامسة أقدامكم العارية والأرض لكم..وشعوركم مسترسلة تتوق إليها الريح والأرض لكم.. وأنتم الطريق فانهضوا من قيدكم عراة أقوياء والأرض لكم.. قدّسوا الحرية حتى لا يحكمكم، طغاة الأرض الأرض لنا، وأنت أخي، لماذا إذاً تخاصمني؟ أنا لا أسمع، وأنت لا ترى وبنا شوقٌ ليدرك بعضنا الآخر فهذي يدي، هات يدك هذي يدي هات يدك هات يدك,2010,زياد رحباني,جبران خليل جبران
الله كبير,بتذكر شو كنت تقلتلّي مهما يصير انتظريني وضلّك صلّي الله كبير ..من يوما شو عاد صار ع مدى كذا نهار ما صار شي كتير كل اللي صار وبعدو بيصير الله كبير ..ذاكر قدّي قلتلّي هالعمر إنو قصير وإنو أنا ما في متلي وحبّي أخير من يوما شو عاد صار ع مدى كذا نهار ما صار شي كتير كل اللي صار وبعدو بيصير الله كبير,2010,زياد الرحباني,زياد الرحباني
الله معك يا هوانا,الله معاك ياهوانا يا مفارقنا حكم الهوى ياهوانا وتفارقنا ويا اهل السهر يلي نطرونا بكره اذا ذكروا العشاق ضلوا تذكرونا تذكرونا تذكرونا ، ضلوا تذكرونا يا حزني السعيد انتهينا ..وتودعنا..ما بنسى شو بكينا وصلينا تتضلك معنى ..ويا اهل السهر يلي نطرونا بكره اذا ذكروا العشاق ضلوا تذكرونا تذكرونا تذكرونا ، ضلوا تذكرونا نبقى سوى .. وصوتك بالليل..يقلي وانا عم بسمع بحبك حتى نجوم الليل.. نجمه ونجمه توقع.. وخلص الحب... وسكتت الكلمه ..وتسكر القلب .. ما وقع ولا نجمه ...متاري الكلام بيضله كلام..وكل شي بيخلص حتى الاحلام .والايام بتمحي الايام الله معاك ياهوانا يا مفارقنا حكم الهوى ياهوانا وتفارقنا ويا اهل السهر يلي نطرونا بكره اذا ذكروا العشاق ضلوا تذكرونا تذكرونا تذكرونا ، ضلوا تذكرونا,,الأخوين رحباني,الأخوين رحباني
امس انتهينا,أمــــــــس انتهينا فلا كنا ولا كان  يا صاحب الوعد خلي الوعد نسيانا طاف النعاس على ماضيك وارتـــــحلت حدائق العــمر بكياُ فأهدأ الآن كان الوداع ابتسامات مبللة بالـــدمع  حينا وبالتذكار أحيانا حتى الهدايا و كانت كل ثروتنا ليل الوداع نسيناها هدايانا شريط شعر عبيق الضوع محرمة ونجمة سقطت من غصن لقيانا أسلمتها لرياح الأرض تحملها حين الهبوب فلا أدركت شـــــــطآنا يا رحلة في مدى النسيان موجعة ما كان أغنى الهوى عنها وأغنانا,1999,الأخوين رحباني,الأخوين رحباني
امي الحبيبة,أمي يا أمي الحبيب نفح الرياحين و الورود أين أبتساماتك الرطيبة تسمو بإشراقة الوجود و لأسم أمي الجميا لحن في القلب أحلى من النسيم لا وجه قد لاح فيه حسن يرقى إلى وجهها الكريم هل لي سوى حبك العظيم أحيا به الوعد بالنعيم روحاُ بأرجائه أهيم طفلاُ لأحضانه أعود أمي و هل لي سوى يديك أرجوهما منة السماء أبوابها طوع راحتيك إن تسألها يسمع الرجاء يا من حلا بإسمها النداء يا من تسامى بها العطاء إن زمت جوداُ من السماء من غير نعماك لا تجود ألقاك في نجمة الصباح في مبسم الزنبق الرطيب في زرقة البحر في الاقاح أمي و في دمعة الغريب و الشمس تدنو من الغروب كأنها وجهك الحبيب يا وجه أمي لا تغيب أماه أنشودة الخلود,,زكي ناصيف,زكي ناصيف
انت لي,انت لي كالغيم للجدول كاللحن للبلبل ومشتهاي هواك انت لي وللهوى منزل وفيئه المخملي وكل طيب فداك منزلي بين الصنوبر موطن اليمام الاليف منزلي دنياه كوثر كنة ممره الوريف وحين مر الغمام مغلل كل غصن راحت طيور اليمام في كل صوب تغني انت لي,,الأخوين رحباني,الأخوين رحباني
اهواك,أهواك بلا أمل .. و عيونك تبسم لي و ورودك تغريني .. بشهيات القبل أهواك و لي قلب .. بغرامك يلتهب تدنيه فيقترب .. تقصيه فيغترب في الظلمة يكتئب .. و يهدهده التعب فيذوب و ينسكب .. كالدمع من المقل في السهرة أنتظر .. و يطول بي السهر فيسائلني القمر .. يا حلوة ما الخبر فأجيبه و القلب .. قد تيمه الحب يا بدر أنا السبب .. أحببت بلا أمل,,زكي ناصيف,زكي ناصيف
اهو دا اللي صار,أهو دا اللي صار و أدي اللي كان مالكش حق مالكش حق تلوم عليا تلوم عليا ازاي يا سيدنا و خير بلادنا ماهوش في ادنا قولي عن أشيا تفدنا و بعدها بقى لوم عليا مصر يا أم العجايب شعبك أصيل و الخصم عايب خلي بالك م الحبايب دول أنصار القضية بدال ما يشمت فينا حاسد إيدك في إيدي نقوم نجاهد احنا نبقى الكل واحد والأيادي تكون قويه,,سيد درويش,بديع خيري
سالوني الناس,سألوني الناس عنك يا حبيبي كتبوا المكاتيب وأخدها الهوا بيعز علي غني يا حبيبي ولأول مرة ما منكون ســـوا سألوني الناس عنك سألوني قلت لهن راجع أوعى تلوموني غمضت عيوني خوفي للناس يشــــــــوفوك مخبا بعيوني وهب الهوا و بكاني الهوى لأول مرة مـــا منكون ســوا طل من الليل قال لي ضوي لي لاقاني الليل وطفا قناديلي ولا تســـأليني كيف إستهديت كـــان قلبي لــعندك دلـيـلي واللي إكتوى بالشوق إكتوى لأول مرة مــــــا منكون سوا,1973,زياد الرحباني,الأخوين رحباني
سيد الهوى,سيد الهوى قمري مورق الجمال طري دائم الوجد والغوى سيد الهوى قمرى وجهه الغض حين لاح عصف الليل بالحلي وبكت زهرة الملاح مذ رأت شعره الفتي وأنا أغسل الندى عن ملاعب الشجر أكتب الشوق موعدا في وريقة العمر طالع الخصر بالهتاف وحكى صوته المدل يا شراع على ضفاف من ضفاف السنا يطل سامح العمر واهتدى بعد طوله سفري وشدا بلبل شدا بالجمال والذكر,1999,محمد محسن,
شط اسكندريه,شط إسكندرية يا شط الهوى رحنا إسكندرية رمانا الهوى يا دنيا هنية وليالي رضية أحملها بعينيه شط إسكندرية البحر ورياحو والفلك الغريب يحملها جراحو ويرحل في المغيب يتمهل شوية و يتودع شوية وتعانق المية شط إسكندرية ليالي مشيتك يا شط الغرام وإن أنا نسيتك ينساني المنام والشاهد عليه غنوة أمارية والنسمة البحرية وشط إسكندرية,1999,الأخوين رحباني,الأخوين رحباني
شو هالأيام,شو هالأيام اللي وصلنالها قال إنه غني عم يعطي فقير كأنه المصاري قشطت لحالها عاهيدا نتفه وهيدا كثير حلوة دي ... حلوة دي .... تعجن في الفجريه بيقولوا لك  من  عرق  جبينه    طلّع مصاري هالإنسان طيّب كيف هايدا وكيف ملايينه  وما  مرّه  شايفينه عرقان مش صحيح... مش صحيح... الهوا غلاّب الغني  من  تلقاء  نفــسه    حابب يوزّع ورق المال ما انّه بخيل أبدا على عكسه   تذكركن  يا ولاد الحلال ليل يا لال ... ليل يا لال... وحوّل كل واحد منّا عنده ستيلو ما بمينع إنّه يصير تنسيق جيب لي لامضي لك قلم ستيلو كل الشعوب بكره حَ تفي يا سلام ... يا سلام... سلّم كل  المصاري   اللّي  مضبوبة اللّي  ما   بتنعد  وما  بتنقاس اصلها من جياب الناس مسحوبة ولازم ترجع عً جياب الناس هي دي هيّ ... هي دي هيّ... الأصليّه,2000,زياد الرحباني,زياد الرحباني
صار لازم ودعكن,أنا صار لازم ودعكن وخبركن عني أنا كل القصة لو منكن ما كنت بغني غنينا أغاني ع اوراق غنية لواحد مشتاق ودايماً بالأخر في أخر في وقت فراق يا جماعة لازم خبركن هالقصة عني أنا كل شي بقوله عم حسه وعم يطلع مني موسيقيي دقوا وفلوا والعالم صاروا يقلوا ودايما في الأخر في أخر في وقت فراق بكرا برجع بوقف معكن اذا مش بكرا البعدو أكيد أنتوا أحكوني وأنا بسمعكن حتى لو للصوت بعيد بلا موسيقتنا الليلة حزينة بلا غنية الليلة بتطول كل ليلة بغني بمدينة وبحمل صوتي وبمشي عطول  ولا غنية نفعت معنا ولا كلمة الا شي حزين اذا ما بكينا ولا دمعنا لا تفتكروا فرحانيين,1997,زياد الرحباني,زياد الرحباني
صار لو زمان,صار لو زمان الحلو ما بان صار لو زمان يمكن حدا زعلو و عتبان صار لو زمان باعت رسول الحلو بيقول مع هالرسول إنو الهوى بدلو عا طول ناسي عا طول مين خلاك تدلل علينا؟ مين نساك دمعات عينينا؟ هيك الأمل يا حلو عتبان ناسي الحنان ريت الجفا يا حلو ما كان ريتو ما كان,1999,الأخوين رحباني,الأخوين رحباني
عتم يا ليل,عتم يا ليل عتم أكتر خلي قناديلنا تضوي أكتر زغيري قناديلنا و الليل كبير لم بتضويلنا بنوصل بكير يا قمر ضلك غايب حلفتك بالحبايب حتى ضويتنا تسهر و يصيرلا رهجة أكتر والدنيي غافلة و القمر غاب تقشعني واصلة عم دق الباب وبتسأل كيف طلعتي بهالعتمة و ما فزعتي قولي القنديل منور صار فينا نسهر أكتر مين هي الطالعة بهاك الحي كن مناش قاشعة ضو و لا شوي يا منتورة زورينا من بالك لا تشيلينا في عنا بيت زغير بيساع الكل وأكتر,1963,الأخوين رحباني,الأخوين رحباني