Track title,track lyrics,Release Year,composer ,Lyricist,Tokenized & Preprocessed Lyrics,Sentiment,Sentiment_Score,Emotion
البنت الشلبيه,البنت الشلبيه عيونا لوزيه بحبك قلبى ياقلبى انتى عينيا حد القناطر محبوبى ناطر كسر الخواطر ياولفى ماهان عليا بتطل بتلوح القلب مجروحو ايام عالبال بتعن تروح الرمانه حبى حاكانى سمعنى غنانى عيونى اتغزل فيا,2009.0,تراث,تراث,"البنت
الشلبيه
عيونا
لوزيه
بحبك
قلبى
ياقلبى
انتى
عينيا
حد
القناطر
محبوبى
ناطر
كسر
الخواطر
ياولفى
ماهان
عليا
بتطل
بتلوح
القلب
مجروحو
ايام
عالبال
بتعن
تروح
الرمانه
حبى
حاكانى
سمعنى
غنانى
عيونى
اتغزل
فيا",positive,0.6481959223747253,love
اخر ايام الصيفيه,اخر ايام الصيفيه والصبيه شوى شوى وصلت ساحه ميس الريم وانقطعت العربيه اخر ايام المشاوير فى غيمه زرقه وبرد كتير وحدى منسيه بساحه رماديه انا والليل وغنيه تاخرنا وشو طالع بالايد حبيبى وسبقتنا المواعيد انا فى زورك بعنيى وعمرها تمشى العربيه,1975.0,الاخوين رحبانى,الأخوين رحباني,"اخر
ايام
الصيفيه
والصبيه
شوى
شوى
وصلت
ساحه
ميس
الريم
وانقطعت
العربيه
اخر
ايام
المشاوير
فى
غيمه
زرقه
وبرد
كتير
وحدى
منسيه
بساحه
رماديه
انا
والليل
وغنيه
تاخرنا
وشو
طالع
بالايد
حبيبى
وسبقتنا
المواعيد
انا
فى
زورك
بعنيى
وعمرها
تمشى
العربيه",negative,0.9408420324325562,love
اعطنى الناى,اعطنى الناى وغن فالغنا سر الوجود وانين الناى يبقى ان يفنى الوجود اتخذت الغاب مثلى منزلا القصور فتتبعت السواقى وتسلقت الصخور تحممت بعطره وتنشفت بنور وشربت الفجر خمرا كؤوس اثير جلست العصر مثلى جفنات العنب والعناقيد تدلت كثريات الذهب فرشت العشب ليلا وتلحفت الفضاء زاهدا فى سياتى ناسيا مضى اعطنى الناى وغن وانسى داء ودواء انما الناس سطور كتبت بماء,1973.0,نجيب حنكش,جبران خليل جبران,"اعطنى
الناى
وغن
فالغنا
سر
الوجود
وانين
الناى
يبقى
ان
يفنى
الوجود
اتخذت
الغاب
مثلى
منزلا
القصور
فتتبعت
السواقى
وتسلقت
الصخور
تحممت
بعطره
وتنشفت
بنور
وشربت
الفجر
خمرا
كؤوس
اثير
جلست
العصر
مثلى
جفنات
العنب
والعناقيد
تدلت
كثريات
الذهب
فرشت
العشب
ليلا
وتلحفت
الفضاء
زاهدا
فى
سياتى
ناسيا
مضى
اعطنى
الناى
وغن
وانسى
داء
ودواء
انما
الناس
سطور
كتبت
بماء",positive,0.59146648645401,longing
انا لحبيبى,انا لحبيبى حبيبى الى عصفوره بيضا بقى تسالى يعتب حدا يزعل حدا انا لحبيبى حبيبى الى حبيبى ندهلى قلى الشتى رجعت اليمامه زهر التفاح انا بابى الندى الصباح بعيونك ربيعى نور حلى ندهلى حبيبى جيت بلا سؤال نومى سرقنى راحه البال اناعلى دربو دربو عالجمال شمس المحبه حكايتنا اغزلى,1965.0,الاخوين رحبانى,الأخوين رحباني,"انا
لحبيبى
حبيبى
الى
عصفوره
بيضا
بقى
تسالى
يعتب
حدا
يزعل
حدا
انا
لحبيبى
حبيبى
الى
حبيبى
ندهلى
قلى
الشتى
رجعت
اليمامه
زهر
التفاح
انا
بابى
الندى
الصباح
بعيونك
ربيعى
نور
حلى
ندهلى
حبيبى
جيت
بلا
سؤال
نومى
سرقنى
راحه
البال
اناعلى
دربو
دربو
عالجمال
شمس
المحبه
حكايتنا
اغزلى",positive,0.9536519646644592,love
بكتب اسمك,بكتب اسمك ياحبيبى الحور العتيق بتكتب اسمى حبيبى رمل الطريق وبكرا بتشتى الدنى القصص المجرحه بيبقى اسمك حبيبى واسمى بينمحى بحكى عنك ياحبيبى لاهالى الحى بتحكى عنى ياحبيبى لنبعه المى ولما بيدور السهر قناديل المسا بيحكوا عنك ياحبيبى وانا بنتسى وهديتنى ورده فرجيتا لصحابى خبيتا بكتابى زرعتا المخدى هديتك مزهريى كنت تداريها تعتنى تا ضاعت الهديه وبتقلى بتحبنى بتعرف قديش مازالك بتحبنى ليش دخلك ليش بكتب اسمك ياحبيبى الحور العتيق بكتب اسمك حبيبى رمل الطريق,1961.0,الاخوين رحبانى,الأخوين رحباني,"بكتب
اسمك
ياحبيبى
الحور
العتيق
بتكتب
اسمى
حبيبى
رمل
الطريق
وبكرا
بتشتى
الدنى
القصص
المجرحه
بيبقى
اسمك
حبيبى
واسمى
بينمحى
بحكى
عنك
ياحبيبى
لاهالى
الحى
بتحكى
عنى
ياحبيبى
لنبعه
المى
ولما
بيدور
السهر
قناديل
المسا
بيحكوا
عنك
ياحبيبى
وانا
بنتسى
وهديتنى
ورده
فرجيتا
لصحابى
خبيتا
بكتابى
زرعتا
المخدى
هديتك
مزهريى
كنت
تداريها
تعتنى
تا
ضاعت
الهديه
وبتقلى
بتحبنى
بتعرف
قديش
مازالك
بتحبنى
ليش
دخلك
ليش
بكتب
اسمك
ياحبيبى
الحور
العتيق
بكتب
اسمك
حبيبى
رمل
الطريق",negative,0.7094134092330933,love
بينى وبينك,بينى بينك ليل فى حب غنيى بابى بتقعد ليل منسهر ليلى بينى بينك فى اسرار بتعرف احزانى تبقى امرقلى عاهاك الدار قلو ينسانى فيق البيت العتيق غافى الطريق غافى حدو الزمان يمكن بكرا الحبيب يمرق متل الغريب يذكر اللى,1979.0,الياس رحبانى,الأخوين رحباني,"بينى
بينك
ليل
فى
حب
غنيى
بابى
بتقعد
ليل
منسهر
ليلى
بينى
بينك
فى
اسرار
بتعرف
احزانى
تبقى
امرقلى
عاهاك
الدار
قلو
ينسانى
فيق
البيت
العتيق
غافى
الطريق
غافى
حدو
الزمان
يمكن
بكرا
الحبيب
يمرق
متل
الغريب
يذكر
اللى",negative,0.6936382055282593,love
سالتك حبيبى,سالتك حبيبى لوين رايحينخلينا خلينا وتسبقنا سنيناذا كنا طولالتقينا طولليش منتلفت خايفين انا بشوفككانى بشوفك لاول مره حبيبيانا تودعناكانا تودعنا لاخر مره حبيبيقلى حكينى نحنا مينوليش منتلفت خايفينموعدنا بكراوشو تاخر بكراقولك مش جاى حبيبيعم شوفك بالساعهبتكات الساعهمن المدى جاى حبيبى ويا دنيى شتى ياسمينع اللى تلاقو ومش عارفينومن مين خايفين,1975.0,الاخوين رحبانى,الأخوين رحباني,"سالتك
حبيبى
لوين
رايحينخلينا
خلينا
وتسبقنا
سنيناذا
كنا
طولالتقينا
طولليش
منتلفت
خايفين
انا
بشوفككانى
بشوفك
لاول
مره
حبيبيانا
تودعناكانا
تودعنا
لاخر
مره
حبيبيقلى
حكينى
نحنا
مينوليش
منتلفت
خايفينموعدنا
بكراوشو
تاخر
بكراقولك
مش
جاى
حبيبيعم
شوفك
بالساعهبتكات
الساعهمن
المدى
جاى
حبيبى
ويا
دنيى
شتى
ياسمينع
اللى
تلاقو
ومش
عارفينومن
مين
خايفين",negative,0.7020097374916077,love
شادى,زمان انا وصغيره فى صبى يجى الحراش العب انا وياه اسمه شادى انا وشادى غنينا لعبنا الثلج ركضنا بالهوا كتبنا الاحجار قصص صغار ولوحنا الهوا ويوم الايام ولعت الدنى ناس ضد ناس علقوا بهالدنى وصار القتال يقرب التلال والدنى دنى وعلقت اطراف الوادى شادى ركض يتفرج خفت وصرت انده وينك رايح شادى انده يسمعنى ويبعد يبعد بالوادى يومتها عدت شفته ضاع شادى والثلج اجا وراح الثلج مره اجا وراح الثلج وانا صرت اكبر وشادى بعده صغير عم يلعب عالثلج,1970.0,الاخوين رحبانى,الأخوين رحباني,"زمان
انا
وصغيره
فى
صبى
يجى
الحراش
العب
انا
وياه
اسمه
شادى
انا
وشادى
غنينا
لعبنا
الثلج
ركضنا
بالهوا
كتبنا
الاحجار
قصص
صغار
ولوحنا
الهوا
ويوم
الايام
ولعت
الدنى
ناس
ضد
ناس
علقوا
بهالدنى
وصار
القتال
يقرب
التلال
والدنى
دنى
وعلقت
اطراف
الوادى
شادى
ركض
يتفرج
خفت
وصرت
انده
وينك
رايح
شادى
انده
يسمعنى
ويبعد
يبعد
بالوادى
يومتها
عدت
شفته
ضاع
شادى
والثلج
اجا
وراح
الثلج
مره
اجا
وراح
الثلج
وانا
صرت
اكبر
وشادى
بعده
صغير
عم
يلعب
عالثلج",negative,0.9668377041816711,sadness
طيرى طياره,طيرى طياره طيرى ورق وخيطان بدى ارجع بنت صغيره سطح الجيران وينسانى الزمان سطح الجيران سطوح بعاد النسمه الخجوله اخذونى معهم الولاد وردوا لى الطفوله ضحكات الصبيان وغنانى زمان ردتلى كتبى ومدرستى والعمر اللى وينسانى الزمان سطح الجيران فينا نهرب ونطير الورق الطاير تنكبر بكير شو صاير شو صاير زهر الرمان ميل بهالبستان تيتسلو صغار الارض ويحلو الزمان,1967.0,الاخوين رحبانى,فيلمون وهبه,"طيرى
طياره
طيرى
ورق
وخيطان
بدى
ارجع
بنت
صغيره
سطح
الجيران
وينسانى
الزمان
سطح
الجيران
سطوح
بعاد
النسمه
الخجوله
اخذونى
معهم
الولاد
وردوا
لى
الطفوله
ضحكات
الصبيان
وغنانى
زمان
ردتلى
كتبى
ومدرستى
والعمر
اللى
وينسانى
الزمان
سطح
الجيران
فينا
نهرب
ونطير
الورق
الطاير
تنكبر
بكير
شو
صاير
شو
صاير
زهر
الرمان
ميل
بهالبستان
تيتسلو
صغار
الارض
ويحلو
الزمان",negative,0.8426170349121094,sadness
عم بتضوى الشمس,عم بتضوى الشمس عالارض المزروعه عم بتضوى الشمس والدنيى عم توعى حب الزيتون السمرا سمرا مغبره وعاحفافى خلفها خفافى خلفها حفافى مشروعه قمار القمح المدريه غنيى وشو غنيه ومزارع خلفها مزارع خلفها مزارع ونبوعه وبالقطن الحلوشو اغتنينا تلج زرعناه بإيدينا حمام الغيضا غنيه بيضا تلج زرعناه بإيدينا وشوبحبك ارضى السخيه زرع الايدين القويه مطارح دوالى رمان العالى زرع الايدين القويه وهبت ريح لاقوا الريح شيلوا معاولكن هزوها بوجه الريح لاقوا الريح برقصه حلوه وغنوا مليح وللجلسه الرضيه ببيوت الهنيه خبوا غنيه,,الاخوين رحبانى,الأخوين رحباني,"عم
بتضوى
الشمس
عالارض
المزروعه
عم
بتضوى
الشمس
والدنيى
عم
توعى
حب
الزيتون
السمرا
سمرا
مغبره
وعاحفافى
خلفها
خفافى
خلفها
حفافى
مشروعه
قمار
القمح
المدريه
غنيى
وشو
غنيه
ومزارع
خلفها
مزارع
خلفها
مزارع
ونبوعه
وبالقطن
الحلوشو
اغتنينا
تلج
زرعناه
بإيدينا
حمام
الغيضا
غنيه
بيضا
تلج
زرعناه
بإيدينا
وشوبحبك
ارضى
السخيه
زرع
الايدين
القويه
مطارح
دوالى
رمان
العالى
زرع
الايدين
القويه
وهبت
ريح
لاقوا
الريح
شيلوا
معاولكن
هزوها
بوجه
الريح
لاقوا
الريح
برقصه
حلوه
وغنوا
مليح
وللجلسه
الرضيه
ببيوت
الهنيه
خبوا
غنيه",positive,0.9455157518386841,love
شط اسكندريه,شط اسكندريه شط الهوى رحنا اسكندريه رمانا الهوى دنيا هنيه وليالى رضيه احملها بعينيه شط اسكندريه البحر ورياحو والفلك الغريب يحملها جراحو ويرحل فى المغيب يتمهل شويه يتودع شويه وتعانق الميه شط اسكندريه ليالى مشيتك شط الغرام انا نسيتك ينسانى المنام والشاهد غنوه اماريه والنسمه البحريه وشط اسكندريه,1999.0,الاخوين رحبانى,الأخوين رحباني,"شط
اسكندريه
شط
الهوى
رحنا
اسكندريه
رمانا
الهوى
دنيا
هنيه
وليالى
رضيه
احملها
بعينيه
شط
اسكندريه
البحر
ورياحو
والفلك
الغريب
يحملها
جراحو
ويرحل
فى
المغيب
يتمهل
شويه
يتودع
شويه
وتعانق
الميه
شط
اسكندريه
ليالى
مشيتك
شط
الغرام
انا
نسيتك
ينسانى
المنام
والشاهد
غنوه
اماريه
والنسمه
البحريه
وشط
اسكندريه",negative,0.8340111970901489,sadness
ابحث عنك دوما,ابحث عنك دوما حلمى المختار ابحث عنك دوما واسال الازهار اراك فى خيالى ملون الجمال ابحث عنك دوما فهل اراك يوما قصدت الحقول البعيده وطفت فى الجنان وكنت اغنى سعيده ومر طائران ذكرت انى حيرى وليس لى وليف ليتنى كنت طير فى منحنى وريف ابحث عنك دوما حلمى المختار ابحث عنك دوما واسال الازهار اراك فى خيالى ملون الجمال ابحث عنك دوما فهل اراك يوما,,الاخوين رحبانى,الأخوين رحباني,"ابحث
عنك
دوما
حلمى
المختار
ابحث
عنك
دوما
واسال
الازهار
اراك
فى
خيالى
ملون
الجمال
ابحث
عنك
دوما
فهل
اراك
يوما
قصدت
الحقول
البعيده
وطفت
فى
الجنان
وكنت
اغنى
سعيده
ومر
طائران
ذكرت
انى
حيرى
وليس
لى
وليف
ليتنى
كنت
طير
فى
منحنى
وريف
ابحث
عنك
دوما
حلمى
المختار
ابحث
عنك
دوما
واسال
الازهار
اراك
فى
خيالى
ملون
الجمال
ابحث
عنك
دوما
فهل
اراك
يوما",positive,0.9660727977752686,joy
ابنه بلادى,اين الشذا والحلم المزهر اهكذا حبك اسمر اهكذا تذوى ازاهيرنا وكان المسك والعنبر الشفه الحلوه بالها تحمل لى الخمر تسكر اشعارنا كانت توشى الدنى والليل اشواقنا مقمر الهوى يمضى كعمر الندى وفى بلادى مرجه الاخضر اهواك فى اغنيه حره يخفق الناى والمزهر فى طله الفجر المنحنى يهفو اليها الكرم البيدر فى النهر الضاحك الربى تحسده الهوى الانهر فى نغم البلبل يشدو صنوبر السفح يهجر فى موكب النصر وفى رايه ذرى تاريخنا تخطر وفى امانى امتى تنتشى المروءات وتستكبر اهواك فى شعبى وفى موطنى فانت احلى انضر,,الاخوين رحبانى,ابو سلمى,"اين
الشذا
والحلم
المزهر
اهكذا
حبك
اسمر
اهكذا
تذوى
ازاهيرنا
وكان
المسك
والعنبر
الشفه
الحلوه
بالها
تحمل
لى
الخمر
تسكر
اشعارنا
كانت
توشى
الدنى
والليل
اشواقنا
مقمر
الهوى
يمضى
كعمر
الندى
وفى
بلادى
مرجه
الاخضر
اهواك
فى
اغنيه
حره
يخفق
الناى
والمزهر
فى
طله
الفجر
المنحنى
يهفو
اليها
الكرم
البيدر
فى
النهر
الضاحك
الربى
تحسده
الهوى
الانهر
فى
نغم
البلبل
يشدو
صنوبر
السفح
يهجر
فى
موكب
النصر
وفى
رايه
ذرى
تاريخنا
تخطر
وفى
امانى
امتى
تنتشى
المروءات
وتستكبر
اهواك
فى
شعبى
وفى
موطنى
فانت
احلى
انضر",positive,0.8817724585533142,love
اتسالين النجم,تسالين النجم دارى واين احبابى وسمارى دارى التى اغفت ربوه حالمه بالمجد والغار تفتح الزهر خدها فعطرت ايام اذار ضحيه الحسن وكم فتنه تجنى حسناء معطار جار عليها مدع بالهوى جور عدو فى الحمى ضار والشعب حاكم باسمه يظلمه ظلم سنمار فى عينه دمعه باك وفى راحته سكين جزار,,الاخوين رحبانى,الأخوين رحباني,"تسالين
النجم
دارى
واين
احبابى
وسمارى
دارى
التى
اغفت
ربوه
حالمه
بالمجد
والغار
تفتح
الزهر
خدها
فعطرت
ايام
اذار
ضحيه
الحسن
وكم
فتنه
تجنى
حسناء
معطار
جار
عليها
مدع
بالهوى
جور
عدو
فى
الحمى
ضار
والشعب
حاكم
باسمه
يظلمه
ظلم
سنمار
فى
عينه
دمعه
باك
وفى
راحته
سكين
جزار",negative,0.964360773563385,love
احب الاسماء,احب الاسماء شابه اسمها وافقه او مدانيا اعد الليالى ليله ليله عشت دهرا اعد الليالى فيا رب الحب بينى بينها يكون كفافا لى وقد يجمع الله الشتيتين بعدما يظنان الظن ان تلاقيا تذكرت ليلى والسنين الخواليا وايام نخشى اللهو ناهيا ويوم كظل الرمح قصرت ظله بليلى فلهانى كنت لاهيا بثمدين لاحت نار ليلى وصحبتى بذات الغضى تزجى المطى النواجيا فقال بصير القوم لمحه كوكب بدا فى سواد الليل فردا يمانيا فقلت نار ليلى توقدت بعليا تسامى ضوءها فبداليا فليت ركاب القوم تقطع الغضى وليت الغضى ماشى الركاب لياليا فيا ليل حاجه لى مهمه اذا جئتكم بالليل ادر وقد يجمع الله الشتيتين بعدما يظنان الظن ان تلاقيا لحا الله اقواما يقولون اننى وجدت طوال الدهر للحب شافيا فشب بنو ليلى وشب بنو ابنها واعلاق ليلى فى فؤادى ولم ينسنى ليلى افتقار غنى توبه احتظنت السواريا خليلى والله املك الذى قضى الله فى ليلى قضى ليا قضاها لغيرى وابتلانى بحبها فهلا بشيء ليلى ابتلانيا فهذى شهور الصيف عنا انقضت فما للنوى ترمى بليلى المراميا فلو واش باليمامه داره ودارى باعلى حضرموت اهتدى ليا اعد الليالى ليله ليله وقد عشت دهرا اعد اللياليا واخرج البيوت لعلنى احدث عنك النفس بالليل خاليا ارانى اذا صليت يممت نحوها بوجهى المصلى ورائيا بى اشراك حبها وعظم الجوى اعيا الطبيب المداويا احب الاسماء وافق اسمها او اشبهه او مدانيا خليلى ارجو العيش بعدما ارى حاجتى تشرى تشترى ليا خليلى ان ضنوا بليلى فقربا النعش والاكفان واستغفرا ليا,1999.0,محمد محسن,قيس بن الملوح,"احب
الاسماء
شابه
اسمها
وافقه
او
مدانيا
اعد
الليالى
ليله
ليله
عشت
دهرا
اعد
الليالى
فيا
رب
الحب
بينى
بينها
يكون
كفافا
لى
وقد
يجمع
الله
الشتيتين
بعدما
يظنان
الظن
ان
تلاقيا
تذكرت
ليلى
والسنين
الخواليا
وايام
نخشى
اللهو
ناهيا
ويوم
كظل
الرمح
قصرت
ظله
بليلى
فلهانى
كنت
لاهيا
بثمدين
لاحت
نار
ليلى
وصحبتى
بذات
الغضى
تزجى
المطى
النواجيا
فقال
بصير
القوم
لمحه
كوكب
بدا
فى
سواد
الليل
فردا
يمانيا
فقلت
نار
ليلى
توقدت
بعليا
تسامى
ضوءها
فبداليا
فليت
ركاب
القوم
تقطع
الغضى
وليت
الغضى
ماشى
الركاب
لياليا
فيا
ليل
حاجه
لى
مهمه
اذا
جئتكم
بالليل
ادر
وقد
يجمع
الله
الشتيتين
بعدما
يظنان
الظن
ان
تلاقيا
لحا
الله
اقواما
يقولون
اننى
وجدت
طوال
الدهر
للحب
شافيا
فشب
بنو
ليلى
وشب
بنو
ابنها
واعلاق
ليلى
فى
فؤادى
ولم
ينسنى
ليلى
افتقار
غنى
توبه
احتظنت
السواريا
خليلى
والله
املك
الذى
قضى
الله
فى
ليلى
قضى
ليا
قضاها
لغيرى
وابتلانى
بحبها
فهلا
بشيء
ليلى
ابتلانيا
فهذى
شهور
الصيف
عنا
انقضت
فما
للنوى
ترمى
بليلى
المراميا
فلو
واش
باليمامه
داره
ودارى
باعلى
حضرموت
اهتدى
ليا
اعد
الليالى
ليله
ليله
وقد
عشت
دهرا
اعد
اللياليا
واخرج
البيوت
لعلنى
احدث
عنك
النفس
بالليل
خاليا
ارانى
اذا
صليت
يممت
نحوها
بوجهى
المصلى
ورائيا
بى
اشراك
حبها
وعظم
الجوى
اعيا
الطبيب
المداويا
احب
الاسماء
وافق
اسمها
او
اشبهه
او
مدانيا
خليلى
ارجو
العيش
بعدما
ارى
حاجتى
تشرى
تشترى
ليا
خليلى
ان
ضنوا
بليلى
فقربا
النعش
والاكفان
واستغفرا
ليا",neutral,0.4766746461391449,love
احب دمشق,احب دمشق هوايا الارقا احب جوار بلادى ثرى صبا وداد رعته العيون جميله قامه كحيله احب احب دمشق دمشق بغوطتك الوادعه حنين الى الحب ينتهى كانك حلمى الذى اشتهى هوى ملء قصتك الدامعه تمايل سكرى دمشق كشمس الضحى الطالعه البطولات تنضب تطلع شعب العلى الى المجد بالمشتهى كلل دمشق انت الثرى الطيب غضبت اجمل فكنت السلام اذا يغضب احب احب دمشق,,الاخوين رحبانى,الأخوين رحباني,"احب
دمشق
هوايا
الارقا
احب
جوار
بلادى
ثرى
صبا
وداد
رعته
العيون
جميله
قامه
كحيله
احب
احب
دمشق
دمشق
بغوطتك
الوادعه
حنين
الى
الحب
ينتهى
كانك
حلمى
الذى
اشتهى
هوى
ملء
قصتك
الدامعه
تمايل
سكرى
دمشق
كشمس
الضحى
الطالعه
البطولات
تنضب
تطلع
شعب
العلى
الى
المجد
بالمشتهى
كلل
دمشق
انت
الثرى
الطيب
غضبت
اجمل
فكنت
السلام
اذا
يغضب
احب
احب
دمشق",positive,0.9901238083839417,love
احبك فى صمتى,احبك فى صمتى الوارف وفى رفه الهدب الخائف وبى ملون عمرى اليك حنين الكروم الى القاطف حنين الشحارير الغروب الى رحله الموسم الهاتف ذرى بالندى والبريق تطل كنهر الوهج الصائف احبك حبى سؤال وبعد جمالى غوى او جمال احبك يضل الغمام وينسى الربيع دروب التلال احبك يمل الصدى طواف الربى وعناق الجبال اقول احبك موج حقول وجمع شذى مطل الظلال وقلت الى بيتك الساحر اجيئ القمر الساهر فزينت بيتى وطال انتظارى وغنيت بكى خاطرى وحين سكبت النشيد الاخير وفرفطت عقد الشذى العاطر اتيت فيا حيرتى اقول وكيف الاقيك يازائرى,1958.0,الاخوين رحبانى,الأخوين رحباني,"احبك
فى
صمتى
الوارف
وفى
رفه
الهدب
الخائف
وبى
ملون
عمرى
اليك
حنين
الكروم
الى
القاطف
حنين
الشحارير
الغروب
الى
رحله
الموسم
الهاتف
ذرى
بالندى
والبريق
تطل
كنهر
الوهج
الصائف
احبك
حبى
سؤال
وبعد
جمالى
غوى
او
جمال
احبك
يضل
الغمام
وينسى
الربيع
دروب
التلال
احبك
يمل
الصدى
طواف
الربى
وعناق
الجبال
اقول
احبك
موج
حقول
وجمع
شذى
مطل
الظلال
وقلت
الى
بيتك
الساحر
اجيئ
القمر
الساهر
فزينت
بيتى
وطال
انتظارى
وغنيت
بكى
خاطرى
وحين
سكبت
النشيد
الاخير
وفرفطت
عقد
الشذى
العاطر
اتيت
فيا
حيرتى
اقول
وكيف
الاقيك
يازائرى",positive,0.8066228032112122,love
احبك اشوف,احبك اشوف منك ومهما الناس تقول عنك احبك احبك اشوف اشوف منك تعال جنبى كلمنى عرفت الحب وعرفتك غيابك عنى علمنى اكدب عينى شفتك جفاك زاد دفاك جفاك زاد احبك واقولها اشوف منك ومهما الناس تقول عنك ومهما اشوف اشوف منك اشوف الورد يتمايل الاغصان ويتهنى اقول ريت نتقابل ونرجع للى بيننا زمانك فين نور العين زمانك فين احبك واقولها اشوف منك ومهما الناس تقول عنك ومهما اشوف اشوف منك,1952.0,حليم الرومى,الأخوين رحباني,"احبك
اشوف
منك
ومهما
الناس
تقول
عنك
احبك
احبك
اشوف
اشوف
منك
تعال
جنبى
كلمنى
عرفت
الحب
وعرفتك
غيابك
عنى
علمنى
اكدب
عينى
شفتك
جفاك
زاد
دفاك
جفاك
زاد
احبك
واقولها
اشوف
منك
ومهما
الناس
تقول
عنك
ومهما
اشوف
اشوف
منك
اشوف
الورد
يتمايل
الاغصان
ويتهنى
اقول
ريت
نتقابل
ونرجع
للى
بيننا
زمانك
فين
نور
العين
زمانك
فين
احبك
واقولها
اشوف
منك
ومهما
الناس
تقول
عنك
ومهما
اشوف
اشوف
منك",positive,0.6172628402709961,love
احترف الحزن,احترف الحزن والانتظار ارتقب الاتى ياتى تبددت زنابق الوقت زنابق الوقت عاما وانا وانا احترف الحزن والانتظار عبرت بوابه الدموع الى صقيع الشمس والبرد اهل لى فى خيمتى وحدى فى خيمتى وحدى عاما وانا وانا يسكننى الحنين والرجوع كبرت فى الخارج بنيت اهلا اخرين كالشجر استنبتهم فوقفوا امامى ظل الارض جديد ضربتنا موجه البغض وها انا استوطن الفراغ شردت اهلى مرتين سكنت فى الغياب مرتين ارضى ببالى وانا وانا وانا احترف الحزن والانتظار,1957.0,الاخوين رحبانى,الأخوين رحباني,"احترف
الحزن
والانتظار
ارتقب
الاتى
ياتى
تبددت
زنابق
الوقت
زنابق
الوقت
عاما
وانا
وانا
احترف
الحزن
والانتظار
عبرت
بوابه
الدموع
الى
صقيع
الشمس
والبرد
اهل
لى
فى
خيمتى
وحدى
فى
خيمتى
وحدى
عاما
وانا
وانا
يسكننى
الحنين
والرجوع
كبرت
فى
الخارج
بنيت
اهلا
اخرين
كالشجر
استنبتهم
فوقفوا
امامى
ظل
الارض
جديد
ضربتنا
موجه
البغض
وها
انا
استوطن
الفراغ
شردت
اهلى
مرتين
سكنت
فى
الغياب
مرتين
ارضى
ببالى
وانا
وانا
وانا
احترف
الحزن
والانتظار",negative,0.9558063745498657,sadness
احكيلى حكايه طويله,احكى لى حكايه طويله حكايه جنينات ورا تلات سماها ظليله احكيلى قصه جميله قصه جنى الاطياب عضفه غاب ورودو بخيله قصص الهوى رحلات ليلات الحكى رحلناها قصص الهوى جنات بالحور الهنى زرعناها احكى لى رحله طويله رحله ورا مواعيد بدنيه عيد بالارض الجميله,1958.0,الاخوين رحبانى,الأخوين رحباني,"احكى
لى
حكايه
طويله
حكايه
جنينات
ورا
تلات
سماها
ظليله
احكيلى
قصه
جميله
قصه
جنى
الاطياب
عضفه
غاب
ورودو
بخيله
قصص
الهوى
رحلات
ليلات
الحكى
رحلناها
قصص
الهوى
جنات
بالحور
الهنى
زرعناها
احكى
لى
رحله
طويله
رحله
ورا
مواعيد
بدنيه
عيد
بالارض
الجميله",positive,0.8932295441627502,longing
احكيلى بلدى,احكيلى احكيلى بلدى احكيلى نسيم اللى مارق عالشجر مقابيلى اهلى حكايى بيتى حكايى جار الطفولى حكايى طويلى نسيم اللى مارق عا ارض الغار حلفتك تجى تلعب عندى بهالدار خبرنى انكان بعدو بيذكرنى ببلدى عالسهره ناطرنى ساعات الفرح القليلى حبيبى احكيلى حلفتك خبرنى حال الزيتون الصبى الصبيى بفيى الطاحون اللوزى الارض سمانا هنى بلدنا هوانا زهر الايام البخيلى حبيبى احكيلى,1979.0,الاخوين رحبانى,الأخوين رحباني,"احكيلى
احكيلى
بلدى
احكيلى
نسيم
اللى
مارق
عالشجر
مقابيلى
اهلى
حكايى
بيتى
حكايى
جار
الطفولى
حكايى
طويلى
نسيم
اللى
مارق
عا
ارض
الغار
حلفتك
تجى
تلعب
عندى
بهالدار
خبرنى
انكان
بعدو
بيذكرنى
ببلدى
عالسهره
ناطرنى
ساعات
الفرح
القليلى
حبيبى
احكيلى
حلفتك
خبرنى
حال
الزيتون
الصبى
الصبيى
بفيى
الطاحون
اللوزى
الارض
سمانا
هنى
بلدنا
هوانا
زهر
الايام
البخيلى
حبيبى
احكيلى",negative,0.6202937960624695,love
احلى ليالى المنى,احلى ليالى المنى التقينا الليل حولنا دنيا طيوب والاسمر الجميل الرؤى يميل والمخبا الظليل فى البعد يومى الليل حلو الوعود والروض غض الورود وكل مافى الوجود حان حبنا هذى دروب الغرام طليقه فى الظلام سهرانه تنام حب والاسمر الجميل الرؤى يميل والمخبا الظليل فى البعد يومى,1953.0,الاخوين رحبانى,الأخوين رحباني,"احلى
ليالى
المنى
التقينا
الليل
حولنا
دنيا
طيوب
والاسمر
الجميل
الرؤى
يميل
والمخبا
الظليل
فى
البعد
يومى
الليل
حلو
الوعود
والروض
غض
الورود
وكل
مافى
الوجود
حان
حبنا
هذى
دروب
الغرام
طليقه
فى
الظلام
سهرانه
تنام
حب
والاسمر
الجميل
الرؤى
يميل
والمخبا
الظليل
فى
البعد
يومى",positive,0.5293432474136353,love
اخر السهريه,بالى بعدك حبيبى بالى قصص الهوى وليالى الهوى عم تحفر بقلبى ليالى وبعدك حبيبى بالى اخر السهريى تطلعت عليى وبعينيها شفت النهايى ودعتنى بكلمى ودعتا بكلمى وخلصت الإيام اللى جايى اخر السهريى وراحت الصيفيى وبعينيها لمحت شخص تانى رحت عم اطلع الدنيى تسمع والبواب مسكرا وتعبانى سالونى عيونى ايمتى بنشوفا قلتلن فيى قول فيى قول بعرف تودعنا يمكن لبكرا يمكن لبعدو ويمكن طول يمكن اتودعنا طول,1979.0,الاخوين رحبانى,الأخوين رحباني,"بالى
بعدك
حبيبى
بالى
قصص
الهوى
وليالى
الهوى
عم
تحفر
بقلبى
ليالى
وبعدك
حبيبى
بالى
اخر
السهريى
تطلعت
عليى
وبعينيها
شفت
النهايى
ودعتنى
بكلمى
ودعتا
بكلمى
وخلصت
الإيام
اللى
جايى
اخر
السهريى
وراحت
الصيفيى
وبعينيها
لمحت
شخص
تانى
رحت
عم
اطلع
الدنيى
تسمع
والبواب
مسكرا
وتعبانى
سالونى
عيونى
ايمتى
بنشوفا
قلتلن
فيى
قول
فيى
قول
بعرف
تودعنا
يمكن
لبكرا
يمكن
لبعدو
ويمكن
طول
يمكن
اتودعنا
طول",negative,0.8725172877311707,love
اذا الارض مدوره,ولما القمر غاب وتغرب الليل راحوا الاحباب بميل الارض مدوره حبيبى رح نرجع نتلاقى حبيبى نتلاقى بالبيت بفى القنطره اذا حبيبى الارض مدوره,1972.0,الاخوين رحبانى,الأخوين رحباني,"ولما
القمر
غاب
وتغرب
الليل
راحوا
الاحباب
بميل
الارض
مدوره
حبيبى
رح
نرجع
نتلاقى
حبيبى
نتلاقى
بالبيت
بفى
القنطره
اذا
حبيبى
الارض
مدوره",negative,0.40574198961257935,love
اذكرينى,اذكر الايام حلو الهوى فى حلايا الغاب الجدول كنا الهوى حلو الغوى نتشاكى فى حنين القبل ضمنا الليل بوح طوى فى قلبنا غزل فانا ان اشتكى غر النوى تلمنى حبيبى انتهى اذكرينى الفجر بدا اذكرى الايام ليل السهر اذكرينى الطير شدا حكى للغاب ضوء القمر اذكرينى اذكر عهد الهنا اترى عشت اذا تذكرى جمعنا الليل الغنا حكايات الجمال المزهر حبيبى هرب الليل مشيناها دروب الحلم فلهونا واحات الهنا جلسنا فى ظلال النغم صفا دنيا الورد عشيات خفاف النسم نتهادى نتهادى الغنى طائر فى روض يغتنى,,الاخوين رحبانى,سعيد عقل,"اذكر
الايام
حلو
الهوى
فى
حلايا
الغاب
الجدول
كنا
الهوى
حلو
الغوى
نتشاكى
فى
حنين
القبل
ضمنا
الليل
بوح
طوى
فى
قلبنا
غزل
فانا
ان
اشتكى
غر
النوى
تلمنى
حبيبى
انتهى
اذكرينى
الفجر
بدا
اذكرى
الايام
ليل
السهر
اذكرينى
الطير
شدا
حكى
للغاب
ضوء
القمر
اذكرينى
اذكر
عهد
الهنا
اترى
عشت
اذا
تذكرى
جمعنا
الليل
الغنا
حكايات
الجمال
المزهر
حبيبى
هرب
الليل
مشيناها
دروب
الحلم
فلهونا
واحات
الهنا
جلسنا
فى
ظلال
النغم
صفا
دنيا
الورد
عشيات
خفاف
النسم
نتهادى
نتهادى
الغنى
طائر
فى
روض
يغتنى",positive,0.8289496302604675,love
ارجعى الف ليله,ارجعى الف ليله غيمه العطر فالهوى يروى غليله ندى الفجر ان اشواقى الطويله اغفرت عمرى حكاياكى خميله فى مدى الدهر,,الاخوين رحبانى,رفيق خوري,"ارجعى
الف
ليله
غيمه
العطر
فالهوى
يروى
غليله
ندى
الفجر
ان
اشواقى
الطويله
اغفرت
عمرى
حكاياكى
خميله
فى
مدى
الدهر",negative,0.8562048673629761,longing
بالغار كللت,بالغار كللت ام بالنار شام انت الاميره تعلو بإسمك الهام اواه غمامات مشرده فى الافق روئا البعض احلام سالتهن اظللتنها صبحا شام التى وحدها للعود انغام الهمتنى صوت خلدت يخلد شك السيف مقدام طالعتنى ليال بطولتها حمر تغاوت فى الريح اعلام كانما نضجت خضر المواسم هوى اغانى الاشعار ايام ختام ناس اوائله اذ هب يعتصر العنقود كرام شام سكبك مجد يكون اذا بملئ كفك دفقا افرغ الجام اقول خالد شج الشعر مندفعا وخط طارق البحر رسام شام لبنان حبى انى توجع الشام تغدو حبى الشام,1961.0,الاخوين رحبانى,سعيد عقل,"بالغار
كللت
ام
بالنار
شام
انت
الاميره
تعلو
بإسمك
الهام
اواه
غمامات
مشرده
فى
الافق
روئا
البعض
احلام
سالتهن
اظللتنها
صبحا
شام
التى
وحدها
للعود
انغام
الهمتنى
صوت
خلدت
يخلد
شك
السيف
مقدام
طالعتنى
ليال
بطولتها
حمر
تغاوت
فى
الريح
اعلام
كانما
نضجت
خضر
المواسم
هوى
اغانى
الاشعار
ايام
ختام
ناس
اوائله
اذ
هب
يعتصر
العنقود
كرام
شام
سكبك
مجد
يكون
اذا
بملئ
كفك
دفقا
افرغ
الجام
اقول
خالد
شج
الشعر
مندفعا
وخط
طارق
البحر
رسام
شام
لبنان
حبى
انى
توجع
الشام
تغدو
حبى
الشام",positive,0.7782638072967529,love
بالمح ظلال الحب,بالمح ظلال الحب بعيونه باستلطفه باظهرله خليه يتقلب ظنونه خلى الهوى يوعى مهله الحنين والشك والالام بيصفى الوداد وبتزهر الاحلام وبيرتوى وقلبه الايام وبيهتدى والشوق بيدله بعده هواه مضعضع ومحتار حب وسؤال البعيد ماله قرار خليه بكرا بتكبر الازهار جناتها الخضرا بترسم حاير الامال والاشواق الطف الاحباب والعشاق مشتاق تحكى وقلبنا مشتاق يستسلم لقلبك ويسمع,1955.0,الاخوين رحبانى,الأخوين رحباني,"بالمح
ظلال
الحب
بعيونه
باستلطفه
باظهرله
خليه
يتقلب
ظنونه
خلى
الهوى
يوعى
مهله
الحنين
والشك
والالام
بيصفى
الوداد
وبتزهر
الاحلام
وبيرتوى
وقلبه
الايام
وبيهتدى
والشوق
بيدله
بعده
هواه
مضعضع
ومحتار
حب
وسؤال
البعيد
ماله
قرار
خليه
بكرا
بتكبر
الازهار
جناتها
الخضرا
بترسم
حاير
الامال
والاشواق
الطف
الاحباب
والعشاق
مشتاق
تحكى
وقلبنا
مشتاق
يستسلم
لقلبك
ويسمع",negative,0.6489486694335938,love
ببلدى الاول,ببلدى الاول رحبوا فى وقالوا كتير اشتاقواعلى ببلدى الاول حوم الحمام يفى وعمل لى شمسيه لوحوا بإيديهن سالونى اذا فايقه عليهن سالونى سكبوا الورد وسقيونى ببلدى الاول اه ببلدى ببلدى الاول رجعت بنت صغيره اركض الطرقات واشوف السما كبيره ببلدى الاول رجعت الإيام ورجعت مشاويرى جيره لجيره لوحوا بإيديهن سالونى اذا فايقه عليهن سالونى سكبوا الورد وسقيونى ببلدى الاول اه ببلدى وصوتك ندهنى حملت حالى وجيت قاللى اتركى اهلك حملت حالى وجيت انا عندى وطنين هواهن بكانى وطنى الاول كبرنى وربانى وعيونك حبيبى حبيبى عيونك حبيبى وطنى التانى لوحوا بإيديهن سالونى اذا فايقه عليهن سالونى سكبوا الورد وسقيونى ببلدى الاول اه ببلدى رجعت الملكه سعد الملك ضحكت المملكه وضحك الملك عصفورين عا غصن التقوا عاغصن الزواج عالحب التقوا الملك والملكه بنتركهم يتبادلوا كلام المحبه للملك والملكه,1972.0,الاخوين رحبانى,الأخوين رحباني,"ببلدى
الاول
رحبوا
فى
وقالوا
كتير
اشتاقواعلى
ببلدى
الاول
حوم
الحمام
يفى
وعمل
لى
شمسيه
لوحوا
بإيديهن
سالونى
اذا
فايقه
عليهن
سالونى
سكبوا
الورد
وسقيونى
ببلدى
الاول
اه
ببلدى
ببلدى
الاول
رجعت
بنت
صغيره
اركض
الطرقات
واشوف
السما
كبيره
ببلدى
الاول
رجعت
الإيام
ورجعت
مشاويرى
جيره
لجيره
لوحوا
بإيديهن
سالونى
اذا
فايقه
عليهن
سالونى
سكبوا
الورد
وسقيونى
ببلدى
الاول
اه
ببلدى
وصوتك
ندهنى
حملت
حالى
وجيت
قاللى
اتركى
اهلك
حملت
حالى
وجيت
انا
عندى
وطنين
هواهن
بكانى
وطنى
الاول
كبرنى
وربانى
وعيونك
حبيبى
حبيبى
عيونك
حبيبى
وطنى
التانى
لوحوا
بإيديهن
سالونى
اذا
فايقه
عليهن
سالونى
سكبوا
الورد
وسقيونى
ببلدى
الاول
اه
ببلدى
رجعت
الملكه
سعد
الملك
ضحكت
المملكه
وضحك
الملك
عصفورين
عا
غصن
التقوا
عاغصن
الزواج
عالحب
التقوا
الملك
والملكه
بنتركهم
يتبادلوا
كلام
المحبه
للملك
والملكه",positive,0.7815868258476257,love
برجك عيد,برجك عيد بالبيارق طاير تسلم ايد علت هالعماير خدنى طير عجبال العليه مجد كبير عم شوفه بعينى خير كتير مواسم غنيه ونواطير عالداير عالداير خيال العب عالحفافى جبال الدهر غافى صوت رجال بيقول عوافى والشلال يهدر بالبشاير,1974.0,الاخوين رحبانى,الأخوين رحباني,"برجك
عيد
بالبيارق
طاير
تسلم
ايد
علت
هالعماير
خدنى
طير
عجبال
العليه
مجد
كبير
عم
شوفه
بعينى
خير
كتير
مواسم
غنيه
ونواطير
عالداير
عالداير
خيال
العب
عالحفافى
جبال
الدهر
غافى
صوت
رجال
بيقول
عوافى
والشلال
يهدر
بالبشاير",positive,0.9902817010879517,joy
بعثت روحى,بعثت الروح بعثت روحى وقلت حتروح خد معاك روحى انا خايفه ودى قلبى وتكون ناسينى ناسى حبى انا عاشقه دايما حبيبى روحى ايدك حبيبى,1970.0,زياد الرحبانى,زياد الرحباني,"بعثت
الروح
بعثت
روحى
وقلت
حتروح
خد
معاك
روحى
انا
خايفه
ودى
قلبى
وتكون
ناسينى
ناسى
حبى
انا
عاشقه
دايما
حبيبى
روحى
ايدك
حبيبى",neutral,0.4575434625148773,love
بكى هواك,بكى هواك غناء قيثارى اراك طريق دارى حبيبيا مداه فى نشيدى ووراء شرودى القاه وفى غناه حكى هواه الا تعود هناء تلقانى وعود مكان هانى بعيد المزار ياصديق ساعيش وعمرى قيثار بكى هواك بكى هواك,1955.0,بيغى لى,الأخوين رحباني,"بكى
هواك
غناء
قيثارى
اراك
طريق
دارى
حبيبيا
مداه
فى
نشيدى
ووراء
شرودى
القاه
وفى
غناه
حكى
هواه
الا
تعود
هناء
تلقانى
وعود
مكان
هانى
بعيد
المزار
ياصديق
ساعيش
وعمرى
قيثار
بكى
هواك
بكى
هواك",positive,0.6343356966972351,love
بيسان,كانت زمان بياره جميله ضيعه ظليله ينام فى افيائها ضيعتنا اسمها بيسان خذونى الى بيسان الى ضيعتى الشتائيه يشيع الحنان الحفافى الرماديه خذونى الى الظهيرات الى غفوه بابى مدت علات اعانق صمت التراب اذكر بيسان ملعب الطفوله افيائك الخجوله شئ باب شباكان بيتنا فى بيسان خذونى الحساسين الى الظلال التى تبكى رفوف العائدين حنين تحكى خذونى الى بيسان,1956.0,الاخوين رحبانى,الأخوين رحباني,"كانت
زمان
بياره
جميله
ضيعه
ظليله
ينام
فى
افيائها
ضيعتنا
اسمها
بيسان
خذونى
الى
بيسان
الى
ضيعتى
الشتائيه
يشيع
الحنان
الحفافى
الرماديه
خذونى
الى
الظهيرات
الى
غفوه
بابى
مدت
علات
اعانق
صمت
التراب
اذكر
بيسان
ملعب
الطفوله
افيائك
الخجوله
شئ
باب
شباكان
بيتنا
فى
بيسان
خذونى
الحساسين
الى
الظلال
التى
تبكى
رفوف
العائدين
حنين
تحكى
خذونى
الى
بيسان",negative,0.9148387312889099,longing
بيتى انا بيتك,بيتى انا بيتك الى حدا كتر ماناديتك وسع المدى نطرتك بابى وع البواب كتبتلك عذابى شمس الغياب لاتهملنى لاتنسانى ماالى غيرك لاتنسانى بلدى صارت منفى طرقاتى غطاها الشوك والاعشاب البريه ابعتلى بهاالليل عندك حدا يطل عليى لاتهملنى لاتنسان ياشمس المساكين ارض الخوف منندهلك ياشمس المساكين ايام المظلومين لفتات الموعودين عم اندهلك خلى يضوى صوتك عليى وانا عالوعد وقلبى طاير صوبك غنيه انا زهره زهورك باركنى ساعدنى بالدمع بتزرعنى بالفرح بتحصدنى عدلك فاض عليى كرمك ضوانى اذا كلن نسيونى وحدك مابتنسانى ناديتك حزنى عرفت انك معى وسعى مطارح ويا ارض اركعى,1972.0,الاخوين رحبانى,الأخوين رحباني,"بيتى
انا
بيتك
الى
حدا
كتر
ماناديتك
وسع
المدى
نطرتك
بابى
وع
البواب
كتبتلك
عذابى
شمس
الغياب
لاتهملنى
لاتنسانى
ماالى
غيرك
لاتنسانى
بلدى
صارت
منفى
طرقاتى
غطاها
الشوك
والاعشاب
البريه
ابعتلى
بهاالليل
عندك
حدا
يطل
عليى
لاتهملنى
لاتنسان
ياشمس
المساكين
ارض
الخوف
منندهلك
ياشمس
المساكين
ايام
المظلومين
لفتات
الموعودين
عم
اندهلك
خلى
يضوى
صوتك
عليى
وانا
عالوعد
وقلبى
طاير
صوبك
غنيه
انا
زهره
زهورك
باركنى
ساعدنى
بالدمع
بتزرعنى
بالفرح
بتحصدنى
عدلك
فاض
عليى
كرمك
ضوانى
اذا
كلن
نسيونى
وحدك
مابتنسانى
ناديتك
حزنى
عرفت
انك
معى
وسعى
مطارح
ويا
ارض
اركعى",positive,0.6597973108291626,love
بيتنا فى الجزيره,بيتنا فى الجزيره ضفاف النيل افيائه الوثيره ينسجها النخيل شباكه موله بالفلك المطله مقبله عبر بعيد تمر امامى بيضاء كالغمامى اجنحه فى موكب سعيد بيتنا فى الجزيره ضفاف النيل جنته الصغيره حما هوى جميل فلك تجئ وقربنا تفئ تحكى المسالك الطوال انت الصباح اغنيه الرياح وقصه الخيرات والغلال,1958.0,الاخوين رحبانى,الأخوين رحباني,"بيتنا
فى
الجزيره
ضفاف
النيل
افيائه
الوثيره
ينسجها
النخيل
شباكه
موله
بالفلك
المطله
مقبله
عبر
بعيد
تمر
امامى
بيضاء
كالغمامى
اجنحه
فى
موكب
سعيد
بيتنا
فى
الجزيره
ضفاف
النيل
جنته
الصغيره
حما
هوى
جميل
فلك
تجئ
وقربنا
تفئ
تحكى
المسالك
الطوال
انت
الصباح
اغنيه
الرياح
وقصه
الخيرات
والغلال",positive,0.9792241454124451,joy
بيقولوا زغير بلدى,بقولو زغير بلدى بيقولوا زغير بلدى بالغضب مسور بلدى الكرامه غضب والمحبه غضب والغضب الاحلى بلدى وبيقولوا قلال ونكون قلال بلدنا خير وجمال وبيقولو يقولوا شو يقولوا شويه صخر وتلال صخره الفجر وقصر الندى بلدى طفل متوج عالمعركه غدى بلدى زغير وبالحق كبير بيعتدى بلدى,1977.0,الاخوين رحبانى,الأخوين رحباني,"بقولو
زغير
بلدى
بيقولوا
زغير
بلدى
بالغضب
مسور
بلدى
الكرامه
غضب
والمحبه
غضب
والغضب
الاحلى
بلدى
وبيقولوا
قلال
ونكون
قلال
بلدنا
خير
وجمال
وبيقولو
يقولوا
شو
يقولوا
شويه
صخر
وتلال
صخره
الفجر
وقصر
الندى
بلدى
طفل
متوج
عالمعركه
غدى
بلدى
زغير
وبالحق
كبير
بيعتدى
بلدى",negative,0.6834239363670349,love
تبقى ميل,تبقى ميل تبقى اسال متل الاول ضل اسال الله يشغلك بال وديلى منك مرسال اسال اسال انا بدى تجى تقول اعذرينى مشغول لفته بعيد بتكفينى قلبى طول توديلى الزهر سلال بالشوق تجرح موال اسالنى الحال اسال اسال سهرات القمر الحلوين هجرونا سنين زعلوا ناس رضيوا ناس نحنا المنسيين ايام تغرب قبال عينيى عالدرب خيال بلبل عاشق غط قال اسال اسال,1970.0,الاخوين رحبانى,الأخوين رحباني,"تبقى
ميل
تبقى
اسال
متل
الاول
ضل
اسال
الله
يشغلك
بال
وديلى
منك
مرسال
اسال
اسال
انا
بدى
تجى
تقول
اعذرينى
مشغول
لفته
بعيد
بتكفينى
قلبى
طول
توديلى
الزهر
سلال
بالشوق
تجرح
موال
اسالنى
الحال
اسال
اسال
سهرات
القمر
الحلوين
هجرونا
سنين
زعلوا
ناس
رضيوا
ناس
نحنا
المنسيين
ايام
تغرب
قبال
عينيى
عالدرب
خيال
بلبل
عاشق
غط
قال
اسال
اسال",negative,0.7749181389808655,love
تك تك يام سليمان,تك تك تك يام سليمان تك تك تك جوزك وين تك تك تك بالحقله عم يقطف خوخ ورمان ستى بدور شوفى القمر بيدور والناطوره بدا شمس والشمس بعقد المرجان عمى عم الحطاب خلينا نلعب عالباب والجاره بدا قمحه والقمحه الطحان جدى جد التلج لحيتك غطت عالمرج والهوا بدو خيمه والخيمه بدا خيطان دويننى الجمال يحنى بالقنطره شو طعميناهن قمح دره شو سقاينهن ميى معطره عمى الغراب جوزنى بنتك,1967.0,الاخوين رحبانى,الأخوين رحباني,"تك
تك
تك
يام
سليمان
تك
تك
تك
جوزك
وين
تك
تك
تك
بالحقله
عم
يقطف
خوخ
ورمان
ستى
بدور
شوفى
القمر
بيدور
والناطوره
بدا
شمس
والشمس
بعقد
المرجان
عمى
عم
الحطاب
خلينا
نلعب
عالباب
والجاره
بدا
قمحه
والقمحه
الطحان
جدى
جد
التلج
لحيتك
غطت
عالمرج
والهوا
بدو
خيمه
والخيمه
بدا
خيطان
دويننى
الجمال
يحنى
بالقنطره
شو
طعميناهن
قمح
دره
شو
سقاينهن
ميى
معطره
عمى
الغراب
جوزنى
بنتك",negative,0.9881195425987244,sadness
تنذكر تنعاد,تنذكر تنعاد ونشوفك بالاعياد تعمر وتجيب ولاد انسانى تنذكر تنعاد ويصيروا الاشيا بعاد فى غيرك ناس جداد فى شى تانى شو هالحب اللى طالعلى شو هالقلب اللى نسمع بتبلش حب بتكفيه تنذكر تنعاد تترك ارض الاجداد وتجرب بلاد تنسانى شو هالعمر اللى مش باقى شى الوقت الولا خلى شى خلالى طريقى ورح امشيه عندى عيد ميلاد ذاكر وقتو بالكاد تهرب متل الولاد شى تنسانى عيدى بكره فكر لون الشمع اللى لازم اطفيه بتمنى تنسى حبى وتعفيه,2001.0,زياد رحبانى,زياد رحباني,"تنذكر
تنعاد
ونشوفك
بالاعياد
تعمر
وتجيب
ولاد
انسانى
تنذكر
تنعاد
ويصيروا
الاشيا
بعاد
فى
غيرك
ناس
جداد
فى
شى
تانى
شو
هالحب
اللى
طالعلى
شو
هالقلب
اللى
نسمع
بتبلش
حب
بتكفيه
تنذكر
تنعاد
تترك
ارض
الاجداد
وتجرب
بلاد
تنسانى
شو
هالعمر
اللى
مش
باقى
شى
الوقت
الولا
خلى
شى
خلالى
طريقى
ورح
امشيه
عندى
عيد
ميلاد
ذاكر
وقتو
بالكاد
تهرب
متل
الولاد
شى
تنسانى
عيدى
بكره
فكر
لون
الشمع
اللى
لازم
اطفيه
بتمنى
تنسى
حبى
وتعفيه",negative,0.7607424259185791,love
جاى انا,جاى انا جاى جاى لعندك جاى رح يخلص الموسم وافضى للمحبه وينك حبيبى حطك بقلبى اعمل لى عندك خيم جوانح الغيمه بالحب مضوايه جايى انا جاى بكرا مشاويرى لعندك بتحملنى وعنك حبيبى حدا بيشغلنى هنى عوقونى بشغلى نطرونى وقربت الحكايه وجاى انا جاى,1963.0,الاخوين رحبانى,الأخوين رحباني,"جاى
انا
جاى
جاى
لعندك
جاى
رح
يخلص
الموسم
وافضى
للمحبه
وينك
حبيبى
حطك
بقلبى
اعمل
لى
عندك
خيم
جوانح
الغيمه
بالحب
مضوايه
جايى
انا
جاى
بكرا
مشاويرى
لعندك
بتحملنى
وعنك
حبيبى
حدا
بيشغلنى
هنى
عوقونى
بشغلى
نطرونى
وقربت
الحكايه
وجاى
انا
جاى",positive,0.935937762260437,love
جلنار,صبح روج طولت ليلك خليت قلبى نار بلكى بتجى اختك تغنيلك بلكى بتجى جلنار صرخات عم بتموج بالوادى معنزق عليها ضباب لبعيد عم بتروح تنادى بيظهر حبيبو غاب راعى بكى منجيرتو متلو بكيت تيتسلى شو قولوكن عالسكت قالتلو شو قولكن قلا خليك حدى تيروق الجو رندح سمعنى لمن بيطلعلك راعى الضو تبقى تودعنى وقفت قلبى عالدرب ناطور تفاق الف نهار ووعيت الشمس زقزق العصفور اجت جلنار,1953.0,الاخوين رحبانى,ميشال طراد,"صبح
روج
طولت
ليلك
خليت
قلبى
نار
بلكى
بتجى
اختك
تغنيلك
بلكى
بتجى
جلنار
صرخات
عم
بتموج
بالوادى
معنزق
عليها
ضباب
لبعيد
عم
بتروح
تنادى
بيظهر
حبيبو
غاب
راعى
بكى
منجيرتو
متلو
بكيت
تيتسلى
شو
قولوكن
عالسكت
قالتلو
شو
قولكن
قلا
خليك
حدى
تيروق
الجو
رندح
سمعنى
لمن
بيطلعلك
راعى
الضو
تبقى
تودعنى
وقفت
قلبى
عالدرب
ناطور
تفاق
الف
نهار
ووعيت
الشمس
زقزق
العصفور
اجت
جلنار",negative,0.7819594144821167,love
جينا لحلال القصص,جينا لحلال القصص تنحل قصتنا ولقينا فى عندو قصه احلا قصتنا عندو قصو وكل قصه الها قصه وبيخلص العمر بتخلص القصه,1968.0,الاخوين رحبانى,الأخوين رحباني,"جينا
لحلال
القصص
تنحل
قصتنا
ولقينا
فى
عندو
قصه
احلا
قصتنا
عندو
قصو
وكل
قصه
الها
قصه
وبيخلص
العمر
بتخلص
القصه",positive,0.6834827065467834,joy
حبيبى بده القمر,حبيبى بده القمر والقمر بعيد والسما عاليه بتطالها الايد طلعت السطح دلوا الناس قالوا ماادرى شو وخبروا الحراس قلت بدى القمر قالوا القمر غالى حقه ليالى ليالى سهر وإلى ليالى عالسطح سهرانه وحاسه بحالى تعبانه ونعسانه خايفه لانام وينزل القمر ويلاقينى غافيه وتسرقه جارتنا اللى مزاعلتنا وتعطيه لحبيبى ويحبها حبيبى وانا صير غريبه,1967.0,الاخوين رحبانى,الأخوين رحباني,"حبيبى
بده
القمر
والقمر
بعيد
والسما
عاليه
بتطالها
الايد
طلعت
السطح
دلوا
الناس
قالوا
ماادرى
شو
وخبروا
الحراس
قلت
بدى
القمر
قالوا
القمر
غالى
حقه
ليالى
ليالى
سهر
وإلى
ليالى
عالسطح
سهرانه
وحاسه
بحالى
تعبانه
ونعسانه
خايفه
لانام
وينزل
القمر
ويلاقينى
غافيه
وتسرقه
جارتنا
اللى
مزاعلتنا
وتعطيه
لحبيبى
ويحبها
حبيبى
وانا
صير
غريبه",negative,0.9161654710769653,love
علوا ابواب الوسيعه,علو ابواب الوسيعه الدار جيناها رجعوا اصحاب الشيم والعز ضواها دقو البيارق حد الفرح والنار والدار للى بنى حجارها علاها قال القوال وغنى قلنا شوقال الساحه ولعانى عنا بصوت القوال ردو حواليى ردو القول المرصود المرصود لكاتب حدو عالغيم حدود ولما الفرسان احتدو وطش البارود انهزوا الاشيا وانهدو والصخر انشال شعرك زهره محروقه بحراش الليل الليل الطاير عنزوقه ميل ميل ويا سمره ياعيوقه بصهلات الخيل انتى النبله الممشوفه بايد الخيال قادر صوت القادر بالمجد تجن تجن بالرد تبادر الرده تعن عم يهدر نهر الهادر والصنج يرن وبيدر مزروع بيادر مزروع رجال,1966.0,الاخوين رحبانى,الأخوين رحباني,"علو
ابواب
الوسيعه
الدار
جيناها
رجعوا
اصحاب
الشيم
والعز
ضواها
دقو
البيارق
حد
الفرح
والنار
والدار
للى
بنى
حجارها
علاها
قال
القوال
وغنى
قلنا
شوقال
الساحه
ولعانى
عنا
بصوت
القوال
ردو
حواليى
ردو
القول
المرصود
المرصود
لكاتب
حدو
عالغيم
حدود
ولما
الفرسان
احتدو
وطش
البارود
انهزوا
الاشيا
وانهدو
والصخر
انشال
شعرك
زهره
محروقه
بحراش
الليل
الليل
الطاير
عنزوقه
ميل
ميل
ويا
سمره
ياعيوقه
بصهلات
الخيل
انتى
النبله
الممشوفه
بايد
الخيال
قادر
صوت
القادر
بالمجد
تجن
تجن
بالرد
تبادر
الرده
تعن
عم
يهدر
نهر
الهادر
والصنج
يرن
وبيدر
مزروع
بيادر
مزروع
رجال",neutral,0.45999667048454285,longing
العريشه,العريشه قعدنا وقلنا كرم المحبه استوى وخبى منازلنا زهور عم يندهو البلبل لفى وغنى الكانو يحبو التهو بغيرنا عنا تهنا بدروب الحكى وكان الحكى النا القلوب اللنا تشتكى والحب سالنا,1995.0,الاخوين رحبانى,الأخوين رحباني,"العريشه
قعدنا
وقلنا
كرم
المحبه
استوى
وخبى
منازلنا
زهور
عم
يندهو
البلبل
لفى
وغنى
الكانو
يحبو
التهو
بغيرنا
عنا
تهنا
بدروب
الحكى
وكان
الحكى
النا
القلوب
اللنا
تشتكى
والحب
سالنا",negative,0.8103355169296265,love
تخمين,تخمين راحت حلوه الحلوين ضل فى الحبق تخمين هالقلب انطبق وماعاد يرجعلى تخمين وغاب القمر بيتون غا رح بيطل واسود لون الفل والزنبقه البيضا ال حد الباب باخر البستان فى ممرق بيجيب عا بالى البكى مطرح كانت ترتكى مفرخ جفافه العشب ازرق وطالع عريشه معششه الطيور مطرح هرت دمعتها وبعدهن بيحكو حكايتها هونيك بنفسجه الصخور,1973.0,الاخوين رحبانى,ميشال طراد,"تخمين
راحت
حلوه
الحلوين
ضل
فى
الحبق
تخمين
هالقلب
انطبق
وماعاد
يرجعلى
تخمين
وغاب
القمر
بيتون
غا
رح
بيطل
واسود
لون
الفل
والزنبقه
البيضا
ال
حد
الباب
باخر
البستان
فى
ممرق
بيجيب
عا
بالى
البكى
مطرح
كانت
ترتكى
مفرخ
جفافه
العشب
ازرق
وطالع
عريشه
معششه
الطيور
مطرح
هرت
دمعتها
وبعدهن
بيحكو
حكايتها
هونيك
بنفسجه
الصخور",negative,0.9688807129859924,love
تدور الارجيله,دارت الارجيله اهلا بالارجيله نتسمع كرتها نسهر تقسيمتها ونشوف الليله الطويله مش طويله تدور تدور الارجيله تدور ياصبيه مافى الها ناطور تهل علينا تطل علينا وعلى غيم الدخان تدور تدور ناس قاعدين ناس الكراسى وراق الكاس جمعتهن الارجيله بالليله الطويله والسهره بخيله والغنيه تدور ولما بمرق النار عيونك بتخبينى وبندهلك ياقمر نوار وبحطك جبينى رقصه حديد البواريد خطر جديد وفرح جديد انا قنديل وانت العيد انا حقله وانت الناطور,1970.0,الاخوين رحبانى,الأخوين رحباني,"دارت
الارجيله
اهلا
بالارجيله
نتسمع
كرتها
نسهر
تقسيمتها
ونشوف
الليله
الطويله
مش
طويله
تدور
تدور
الارجيله
تدور
ياصبيه
مافى
الها
ناطور
تهل
علينا
تطل
علينا
وعلى
غيم
الدخان
تدور
تدور
ناس
قاعدين
ناس
الكراسى
وراق
الكاس
جمعتهن
الارجيله
بالليله
الطويله
والسهره
بخيله
والغنيه
تدور
ولما
بمرق
النار
عيونك
بتخبينى
وبندهلك
ياقمر
نوار
وبحطك
جبينى
رقصه
حديد
البواريد
خطر
جديد
وفرح
جديد
انا
قنديل
وانت
العيد
انا
حقله
وانت
الناطور",negative,0.6314920783042908,longing
تعا تجى,تعا تجى وكذوب عليى الكذبه مش خطيه وعدنى انو رح تجى وتعا تجى عتاب البواب الابر عمبتحيك بتحيك تكايه وتحيك حكايه والابر مسنونه والعيون مسنونه وياخوفى الحكى يجى الحسد عالطريق الحسد عمبيزهر زهر بالدواره وزهر الجاره وغزلت بمغزلها قصتنا بمغزلها ولوين رح التجى تتعا تجى وكذوب عليى الكذبه مش خطيه وعدنى انو رح تجى وتعا تجى,1964.0,الاخوين رحبانى,الأخوين رحباني,"تعا
تجى
وكذوب
عليى
الكذبه
مش
خطيه
وعدنى
انو
رح
تجى
وتعا
تجى
عتاب
البواب
الابر
عمبتحيك
بتحيك
تكايه
وتحيك
حكايه
والابر
مسنونه
والعيون
مسنونه
وياخوفى
الحكى
يجى
الحسد
عالطريق
الحسد
عمبيزهر
زهر
بالدواره
وزهر
الجاره
وغزلت
بمغزلها
قصتنا
بمغزلها
ولوين
رح
التجى
تتعا
تجى
وكذوب
عليى
الكذبه
مش
خطيه
وعدنى
انو
رح
تجى
وتعا
تجى",negative,0.9960387945175171,sadness
تعال كفاك دلال,تعال تعالكفاك دلال كفاك زهوا بتاج الجمال تعالتعال تعال ضلوعى تحن وروحى تذوب وتذكر يوم حوانا الغروب لانت حبيبى نجى القلوب وانت الرجاء وانت الخيال عيونك الفصول الفصول فديت العيون وسحر العيون كفاك حبيبى رفيف الجفون اراك تجافى وتبغى الوصال حبيبى كنت وحيدا اطير فجئت بلحنك عبر الاثير ملكت هوايا وكنت الاسير رضيت باسرى تعال تعال تعالكفاك دلال,1952.0,الاخوين رحبانى,شفيق جدايل,"تعال
تعالكفاك
دلال
كفاك
زهوا
بتاج
الجمال
تعالتعال
تعال
ضلوعى
تحن
وروحى
تذوب
وتذكر
يوم
حوانا
الغروب
لانت
حبيبى
نجى
القلوب
وانت
الرجاء
وانت
الخيال
عيونك
الفصول
الفصول
فديت
العيون
وسحر
العيون
كفاك
حبيبى
رفيف
الجفون
اراك
تجافى
وتبغى
الوصال
حبيبى
كنت
وحيدا
اطير
فجئت
بلحنك
عبر
الاثير
ملكت
هوايا
وكنت
الاسير
رضيت
باسرى
تعال
تعال
تعالكفاك
دلال",positive,0.9601804614067078,love
تلفن عياش,تلفن عياش توقعنا وناطرينه تلفن عياش تلفن يعنى الله يعينه تلفن عياش تلفن تلفن عياش تلفن كذب عياش توقعنا ناطرينه كذب عياش بيحلف الا بدينه تلفن عياش كذب تلفن عياش كذب تلفن عياش وقال الاشيا مظبوطه جود عياش وعرفينا مش مظبوطه بيقلك شى تمام غط حمام وطار حمام تلفن عياش حرفه بيعرف يزينه موفق عياش لالله عم بيعينو تلفن عياش خبر ليه بيتلفن يكذب عياش يكذب راقى بيجنن بيقلك هوى مظلوم هوى واضح مفهوم فشط عياش ومتل العاده منعرف مينو تلفن عياش فشط يعنى الله يعينه تلفن عياش فشط تلفن عياش فشط واخيرا تلفن عياش متل كانو تلفن,2000.0,زياد رحبانى,زياد رحباني,"تلفن
عياش
توقعنا
وناطرينه
تلفن
عياش
تلفن
يعنى
الله
يعينه
تلفن
عياش
تلفن
تلفن
عياش
تلفن
كذب
عياش
توقعنا
ناطرينه
كذب
عياش
بيحلف
الا
بدينه
تلفن
عياش
كذب
تلفن
عياش
كذب
تلفن
عياش
وقال
الاشيا
مظبوطه
جود
عياش
وعرفينا
مش
مظبوطه
بيقلك
شى
تمام
غط
حمام
وطار
حمام
تلفن
عياش
حرفه
بيعرف
يزينه
موفق
عياش
لالله
عم
بيعينو
تلفن
عياش
خبر
ليه
بيتلفن
يكذب
عياش
يكذب
راقى
بيجنن
بيقلك
هوى
مظلوم
هوى
واضح
مفهوم
فشط
عياش
ومتل
العاده
منعرف
مينو
تلفن
عياش
فشط
يعنى
الله
يعينه
تلفن
عياش
فشط
تلفن
عياش
فشط
واخيرا
تلفن
عياش
متل
كانو
تلفن",negative,0.9863700866699219,sadness
حبك غنينا,حبك غنينا ولقربك حنينا وحكينا حكايات ملقانا استنظرنا وسهرنا تواعدنا وسعدنا والليل يزرع بالهوى دنيانا لونا ايامك زينا احلامك طرقاتك باشواقنا فرشناها وبكينا حكينا وزعلنا قلنا ساعات حلوه بالهوى عشناها ليلى يتيه والشوق غاويه والقلب بيهدى ذكراك تضنيه اجمل اطيارك عم تنزل عدارك وتقول حلو الهنا لاقينا والزنبق يتشوق والجدول عم يسال يلا نغنى للهوى غنانينا,1958.0,الاخوين رحبانى,الأخوين رحباني,"حبك
غنينا
ولقربك
حنينا
وحكينا
حكايات
ملقانا
استنظرنا
وسهرنا
تواعدنا
وسعدنا
والليل
يزرع
بالهوى
دنيانا
لونا
ايامك
زينا
احلامك
طرقاتك
باشواقنا
فرشناها
وبكينا
حكينا
وزعلنا
قلنا
ساعات
حلوه
بالهوى
عشناها
ليلى
يتيه
والشوق
غاويه
والقلب
بيهدى
ذكراك
تضنيه
اجمل
اطيارك
عم
تنزل
عدارك
وتقول
حلو
الهنا
لاقينا
والزنبق
يتشوق
والجدول
عم
يسال
يلا
نغنى
للهوى
غنانينا",positive,0.6087421774864197,love
غيب قمر,غيب غيب غيب غيب قمر روح روح نام نام بالشجر منحب السهر منحب السمر معك قمر,1953.0,الاخوين رحبانى,الأخوين رحباني,"غيب
غيب
غيب
غيب
قمر
روح
روح
نام
نام
بالشجر
منحب
السهر
منحب
السمر
معك
قمر",positive,0.8912515044212341,love
غرب الحسون,غرب الحسون والزنبق تكى وتشرين عم يجمع الزهر الليلكى تحرز هيك قلك شو بنى كترت قصصنا بقى يساع الحكى,1966.0,الاخوين رحبانى,الأخوين رحباني,"غرب
الحسون
والزنبق
تكى
وتشرين
عم
يجمع
الزهر
الليلكى
تحرز
هيك
قلك
شو
بنى
كترت
قصصنا
بقى
يساع
الحكى",negative,0.9714106321334839,longing
غرب هوى,غرب هوى شرق هوى حاكينى حبيبى وقعدنا سوا وتعبنا الهوى دخاك حبيبى قصد العين وانا العين وقال لى وين بشوفك وين وعين تخاف وتدمع قال وقال والورد مال وصار الدار هالحال نسيت البيت واخرنى حبيبى قصد الحى وانا بالحى وقال لى طلى قبالى شوى وكل الناس يدلوا وتخبيت بدرج البيت فزعت يشوفوا وان طليت زعل وفل وشو بفكره حبيبى,1962.0,الاخوين رحبانى,الأخوين رحباني,"غرب
هوى
شرق
هوى
حاكينى
حبيبى
وقعدنا
سوا
وتعبنا
الهوى
دخاك
حبيبى
قصد
العين
وانا
العين
وقال
لى
وين
بشوفك
وين
وعين
تخاف
وتدمع
قال
وقال
والورد
مال
وصار
الدار
هالحال
نسيت
البيت
واخرنى
حبيبى
قصد
الحى
وانا
بالحى
وقال
لى
طلى
قبالى
شوى
وكل
الناس
يدلوا
وتخبيت
بدرج
البيت
فزعت
يشوفوا
وان
طليت
زعل
وفل
وشو
بفكره
حبيبى",negative,0.9205776453018188,love
,فى قهوه عالمفرق فى موقده فى نارنبقى انا حبيبى نفرشها بالاسرار جيت لقيت عشاق اتنين زغار قعدوا مقاعدنا سرقوا منا المشوار ورق الاصفر عم نكبر عم نكبرالطرقات البيوت عم تكبر عم تكبر تخلص الدنيى فى وطنى وطنى اه بتضلك طفل زغير متل السهم الراجع سفر الزمان قطعت الشوارع ضحكلى انسان اصحابى كبروا اتغير اللى صاروا العمر الماضى صاروا دهب النسيان,1974.0,الاخوين رحبانى,الأخوين رحباني,"فى
قهوه
عالمفرق
فى
موقده
فى
نارنبقى
انا
حبيبى
نفرشها
بالاسرار
جيت
لقيت
عشاق
اتنين
زغار
قعدوا
مقاعدنا
سرقوا
منا
المشوار
ورق
الاصفر
عم
نكبر
عم
نكبرالطرقات
البيوت
عم
تكبر
عم
تكبر
تخلص
الدنيى
فى
وطنى
وطنى
اه
بتضلك
طفل
زغير
متل
السهم
الراجع
سفر
الزمان
قطعت
الشوارع
ضحكلى
انسان
اصحابى
كبروا
اتغير
اللى
صاروا
العمر
الماضى
صاروا
دهب
النسيان",negative,0.8810754418373108,love
سالونى الناس,سالونى الناس عنك حبيبى كتبوا المكاتيب واخدها الهوا بيعز غنى حبيبى ولاول مره منكون سوا سالونى الناس عنك سالونى قلت راجع اوعى تلومونى غمضت عيونى خوفى للناس يشوفوك مخبا بعيونى الهوا بكانى الهوى لاول مره منكون سوا طل الليل قال لى ضوى لى لاقانى الليل وطفا قناديلى تسالينى استهديت قلبى لعندك دليلى واللى اكتوى بالشوق اكتوى لاول مره منكون سوا,1973.0,زياد رحبانى,الأخوين رحباني,"سالونى
الناس
عنك
حبيبى
كتبوا
المكاتيب
واخدها
الهوا
بيعز
غنى
حبيبى
ولاول
مره
منكون
سوا
سالونى
الناس
عنك
سالونى
قلت
راجع
اوعى
تلومونى
غمضت
عيونى
خوفى
للناس
يشوفوك
مخبا
بعيونى
الهوا
بكانى
الهوى
لاول
مره
منكون
سوا
طل
الليل
قال
لى
ضوى
لى
لاقانى
الليل
وطفا
قناديلى
تسالينى
استهديت
قلبى
لعندك
دليلى
واللى
اكتوى
بالشوق
اكتوى
لاول
مره
منكون
سوا",positive,0.8598045110702515,love
زورونى سنه مره,زورونى سنه مره حرام تنسونى بالمره خوفى الهوى نظره تجى تروح بالمره حبيبى فرقتك مره حرام تنسونا بالمره,1921.0,سيد درويش,يونس القاضي,"زورونى
سنه
مره
حرام
تنسونى
بالمره
خوفى
الهوى
نظره
تجى
تروح
بالمره
حبيبى
فرقتك
مره
حرام
تنسونا
بالمره",negative,0.6259609460830688,love
الرمان,عالتله الخضرا انت طالع صوب المزارع العاليى فى ضيعه حلوى بيوتها جداد شوارعها واسعه طرقاتها مسيجى بالزهور هالضيعه اسما الرمان الرمان ضيعه مسحوره بالمنتور الغويان مغموره الرمان خضرا حلوى يللى الزنبق عم تضوى حن القلب مال النرجس قاملك فييو بعين الرمان ناجى الحب طار الملقى بضيعه الرمان وين بيتلاقوا الاخوان عمفارق الرمان وين بتتغنى الالحان بجناين الرمان,1955.0,الاخوين رحبانى,الأخوين رحباني,"عالتله
الخضرا
انت
طالع
صوب
المزارع
العاليى
فى
ضيعه
حلوى
بيوتها
جداد
شوارعها
واسعه
طرقاتها
مسيجى
بالزهور
هالضيعه
اسما
الرمان
الرمان
ضيعه
مسحوره
بالمنتور
الغويان
مغموره
الرمان
خضرا
حلوى
يللى
الزنبق
عم
تضوى
حن
القلب
مال
النرجس
قاملك
فييو
بعين
الرمان
ناجى
الحب
طار
الملقى
بضيعه
الرمان
وين
بيتلاقوا
الاخوان
عمفارق
الرمان
وين
بتتغنى
الالحان
بجناين
الرمان",negative,0.9765775799751282,love
غرب الحسون,غرب الحسون والزنبق تكى وتشرين عم يجمع الزهر الليلكى تحرز هيك قلك شو بنى كترت قصصنا بقى يساع الحكى,1966.0,الاخوين رحبانى,الأخوين رحباني,"غرب
الحسون
والزنبق
تكى
وتشرين
عم
يجمع
الزهر
الليلكى
تحرز
هيك
قلك
شو
بنى
كترت
قصصنا
بقى
يساع
الحكى",negative,0.9714106321334839,longing
غمر الغداير,وتمرق صبيى تمشور دغوش الغياب ترندح قصيده غيبتها كتاب شعرها الناطر شى ايد تجدله بعدك زغير عالمحبه والعذاب غمر الغداير طاير عالريح طاير طاير شعر ليل وبكى بالبال ضلك طاير قطر الندى حب الندى نقط الورد وهدى طير عالنبعه غدى غنى لى هالبشاير وين العسل شهد العسل برق شالها وهدل وميت بإيدها عالجبل وإتعلت العماير يكتب صلاه يودى صلاه لعيونها ويحلى العلا تتلفت وتضوى لفتاتها المناير,1964.0,الاخوين رحبانى,الأخوين رحباني,"وتمرق
صبيى
تمشور
دغوش
الغياب
ترندح
قصيده
غيبتها
كتاب
شعرها
الناطر
شى
ايد
تجدله
بعدك
زغير
عالمحبه
والعذاب
غمر
الغداير
طاير
عالريح
طاير
طاير
شعر
ليل
وبكى
بالبال
ضلك
طاير
قطر
الندى
حب
الندى
نقط
الورد
وهدى
طير
عالنبعه
غدى
غنى
لى
هالبشاير
وين
العسل
شهد
العسل
برق
شالها
وهدل
وميت
بإيدها
عالجبل
وإتعلت
العماير
يكتب
صلاه
يودى
صلاه
لعيونها
ويحلى
العلا
تتلفت
وتضوى
لفتاتها
المناير",negative,0.8736936450004578,love
فايق ناسى,فايق ناسى عالمفرق شو بكينا حبيبى قاسى ناسى ليالينا فايق شو تمشينا بالليل عالطرقات شو رحنا مضينا بضو القمر سهرات احلى الاماسى فايق ناسى فايق عالتنزيهه بالقهوه اللى عالمى نبقى نقعد ستاير زرقا شوى عالحمر الكراسى فايق ناسى,1961.0,الاخوين رحبانى,الأخوين رحباني,"فايق
ناسى
عالمفرق
شو
بكينا
حبيبى
قاسى
ناسى
ليالينا
فايق
شو
تمشينا
بالليل
عالطرقات
شو
رحنا
مضينا
بضو
القمر
سهرات
احلى
الاماسى
فايق
ناسى
فايق
عالتنزيهه
بالقهوه
اللى
عالمى
نبقى
نقعد
ستاير
زرقا
شوى
عالحمر
الكراسى
فايق
ناسى",negative,0.6893137693405151,love
فايق هوى,فايق هوى ليم كنا والدمع سهرنى وصفولى دوا تارى الدوا حبك وفتش عالدوا فايق راحوا اهالينا مشوار تركونا وراحوا قالوا اولاد صغار ودارت فينا الدار ونحن اولاد صغار والهوى جمعنا وفرقنا الهوى طير المسا جاى سفر طويل وعلى باب السهره تبكى المواويل نطفى القناديل وتبكى المواويل ونسهر العتمه تنينتنا فايق سهره وكان فى ليل وندى والنار عم تغفى بحضن الموقدى والعتوب مسافره فى كلام ولاهدى قلبك قلبى هدى ونام الحكى والناس وانهد السراج وتكيت غصون الورد كتف السياج وفل القمر ضيعتو وفلوا الدراج وقلك بقاش بكير تقلى اقعدى,1968.0,فيلمون وهبه,الأخوين رحباني,"فايق
هوى
ليم
كنا
والدمع
سهرنى
وصفولى
دوا
تارى
الدوا
حبك
وفتش
عالدوا
فايق
راحوا
اهالينا
مشوار
تركونا
وراحوا
قالوا
اولاد
صغار
ودارت
فينا
الدار
ونحن
اولاد
صغار
والهوى
جمعنا
وفرقنا
الهوى
طير
المسا
جاى
سفر
طويل
وعلى
باب
السهره
تبكى
المواويل
نطفى
القناديل
وتبكى
المواويل
ونسهر
العتمه
تنينتنا
فايق
سهره
وكان
فى
ليل
وندى
والنار
عم
تغفى
بحضن
الموقدى
والعتوب
مسافره
فى
كلام
ولاهدى
قلبك
قلبى
هدى
ونام
الحكى
والناس
وانهد
السراج
وتكيت
غصون
الورد
كتف
السياج
وفل
القمر
ضيعتو
وفلوا
الدراج
وقلك
بقاش
بكير
تقلى
اقعدى",negative,0.9630258679389954,love
نسم علينا الهوى,نسم علينا الهوا مفرق الوادى هوا دخل الهوا خدنى بلادى هوا هوا يللى طاير بالهوا فى منتوره طاقه وصوره خدنى لعندن هوا فزعانه قلبى اكبر بهالغربه تعرفنى بلادى خدنى بلادى شو شو حبيبى شو كنت وكنا تضلو عنا وافترقنا شو وبعدا الشمس بتبكى عالباب تحكى يحكى هوا بلادى خدنى بلادى,1967.0,الاخوين رحبانى,الأخوين رحباني,"نسم
علينا
الهوا
مفرق
الوادى
هوا
دخل
الهوا
خدنى
بلادى
هوا
هوا
يللى
طاير
بالهوا
فى
منتوره
طاقه
وصوره
خدنى
لعندن
هوا
فزعانه
قلبى
اكبر
بهالغربه
تعرفنى
بلادى
خدنى
بلادى
شو
شو
حبيبى
شو
كنت
وكنا
تضلو
عنا
وافترقنا
شو
وبعدا
الشمس
بتبكى
عالباب
تحكى
يحكى
هوا
بلادى
خدنى
بلادى",positive,0.7363865971565247,love
نحنا والقمر جيران,نحنا والقمر جيران بيته تلالنا بيطلع قبالنا يسمع الالحان نحنا والقمر جيران عارف مواعيدنا وتارك بقرميدنا اجمل الالوان وياما سهرنا معه بليل الهنا النهدات وياما مطلعه شرحنا الهوى غوى حكايات نحنا القمر جيران طل زارنا قناطر دارنا رشرش المرجان,1995.0,الاخوين رحبانى,الأخوين رحباني,"نحنا
والقمر
جيران
بيته
تلالنا
بيطلع
قبالنا
يسمع
الالحان
نحنا
والقمر
جيران
عارف
مواعيدنا
وتارك
بقرميدنا
اجمل
الالوان
وياما
سهرنا
معه
بليل
الهنا
النهدات
وياما
مطلعه
شرحنا
الهوى
غوى
حكايات
نحنا
القمر
جيران
طل
زارنا
قناطر
دارنا
رشرش
المرجان",positive,0.7340831160545349,longing
كيفك انت,بتذكر اخر مره شفتك سنتا بتذكر وقتا اخر كلمه قلتا عدت شفتك هلق شفتك كيفك انت ملا انت بتذكر اخر سهره سهرتا عنا بتذكر فى واحده مضايق منا هيدى امى بتعتل همى منك انتا ملا انتا كيفك قال عم بيقولو عندك ولاد انا الله كنت مفكرتك براه البلاد شو بدى بالبلاد الله يخلى الولاد بيطلع عبالى ارجع انا اياك انت حلالى ارجع انا وياك انا انت ملا انت بتذكر اخر مره شو قلتلى بدك ضلى بدك فيكى تفلى زعلت بوقتا حللتا انو انت هيدا انت بترجع عراسى رغم العيال الناس انتا الاساسى بحبك بالاساس بحبك انت ملا انت,1991.0,زياد رحبانى,زياد رحباني,"بتذكر
اخر
مره
شفتك
سنتا
بتذكر
وقتا
اخر
كلمه
قلتا
عدت
شفتك
هلق
شفتك
كيفك
انت
ملا
انت
بتذكر
اخر
سهره
سهرتا
عنا
بتذكر
فى
واحده
مضايق
منا
هيدى
امى
بتعتل
همى
منك
انتا
ملا
انتا
كيفك
قال
عم
بيقولو
عندك
ولاد
انا
الله
كنت
مفكرتك
براه
البلاد
شو
بدى
بالبلاد
الله
يخلى
الولاد
بيطلع
عبالى
ارجع
انا
اياك
انت
حلالى
ارجع
انا
وياك
انا
انت
ملا
انت
بتذكر
اخر
مره
شو
قلتلى
بدك
ضلى
بدك
فيكى
تفلى
زعلت
بوقتا
حللتا
انو
انت
هيدا
انت
بترجع
عراسى
رغم
العيال
الناس
انتا
الاساسى
بحبك
بالاساس
بحبك
انت
ملا
انت",negative,0.9751778841018677,love
كنا نتلاقى,كنا نتلاقى عشيه ونقعد الجسر العتيق وتنزل السهل الضبابه تمحى المدى وتمحى الطريق حدا يعرف بمطرحنا السما وورق ويقلى بحبك انا بحبك ويهرب فينا الغيم الحزين سنينى اللى رح ترجعيلى رجعيلى شى مره ارجعيلى وانسينى باب الطفوله اركض بشمس الطرقات سنينى اللى رح ترجعيلى رجعيلى شى مره ارجعيلى ورديلى ضحكاتى اللى راحوا اللى بزوايا الساحات بتذكر شو حكيوا عليى نطرت وانت نسيت وصار الشتى ينزل عليى وإجا الصيف وانت جيت سنينى اللى رح ترجعيلى رجعيلى شى مره ارجعيلى وانسينى باب الطفوله اركض بشمس الطرقات,1975.0,الاخوين رحبانى,الأخوين رحباني,"كنا
نتلاقى
عشيه
ونقعد
الجسر
العتيق
وتنزل
السهل
الضبابه
تمحى
المدى
وتمحى
الطريق
حدا
يعرف
بمطرحنا
السما
وورق
ويقلى
بحبك
انا
بحبك
ويهرب
فينا
الغيم
الحزين
سنينى
اللى
رح
ترجعيلى
رجعيلى
شى
مره
ارجعيلى
وانسينى
باب
الطفوله
اركض
بشمس
الطرقات
سنينى
اللى
رح
ترجعيلى
رجعيلى
شى
مره
ارجعيلى
ورديلى
ضحكاتى
اللى
راحوا
اللى
بزوايا
الساحات
بتذكر
شو
حكيوا
عليى
نطرت
وانت
نسيت
وصار
الشتى
ينزل
عليى
وإجا
الصيف
وانت
جيت
سنينى
اللى
رح
ترجعيلى
رجعيلى
شى
مره
ارجعيلى
وانسينى
باب
الطفوله
اركض
بشمس
الطرقات",negative,0.7696236371994019,love
راجعين هوى,راجعين هوى راجعين زهره المساكين راجعين هوى دار الهوى نار الهوى راجعين منودع زمان منروح لزمان ينسانا ارض النسيان منقول رايحين منكون راجعين دار الحب ومش عارفين راجعين هوى دار الهوى نار الهوى راجعين مغرور هوى هوى مغرور حبيبى ورده سور نحنا العاشقين طول عاشقين وانتو بليا لينا عايشين نحنا العاشقين عاشقين عاشقين وانتو بليالينا عايشين راجعين هوى دار الهوى نار الهوى راجعين,1974.0,الاخوين رحبانى,الأخوين رحباني,"راجعين
هوى
راجعين
زهره
المساكين
راجعين
هوى
دار
الهوى
نار
الهوى
راجعين
منودع
زمان
منروح
لزمان
ينسانا
ارض
النسيان
منقول
رايحين
منكون
راجعين
دار
الحب
ومش
عارفين
راجعين
هوى
دار
الهوى
نار
الهوى
راجعين
مغرور
هوى
هوى
مغرور
حبيبى
ورده
سور
نحنا
العاشقين
طول
عاشقين
وانتو
بليا
لينا
عايشين
نحنا
العاشقين
عاشقين
عاشقين
وانتو
بليالينا
عايشين
راجعين
هوى
دار
الهوى
نار
الهوى
راجعين",positive,0.676364541053772,love
عروستنا الحلوه,عروستنا الحلوه نيسانه حلوه مشوار دار لدار حلوه تتبارك حجار البيت تتبارك العتبه والخوابى نبيد وزيت وتفيض المحبه كونى قمح وسكر كونى وعنبر وقنديل الزوار اللى متوج بالغار حلوه كبروا زهور البساتين ومتل الكذبه كبرتى وحليتى الحلوين ولعريسك صرتى عالحب تلاقيتوا وعمرت قصه بيته ودار الهوى دار دار لدار حلوه,1969.0,الاخوين رحبانى,الأخوين رحباني,"عروستنا
الحلوه
نيسانه
حلوه
مشوار
دار
لدار
حلوه
تتبارك
حجار
البيت
تتبارك
العتبه
والخوابى
نبيد
وزيت
وتفيض
المحبه
كونى
قمح
وسكر
كونى
وعنبر
وقنديل
الزوار
اللى
متوج
بالغار
حلوه
كبروا
زهور
البساتين
ومتل
الكذبه
كبرتى
وحليتى
الحلوين
ولعريسك
صرتى
عالحب
تلاقيتوا
وعمرت
قصه
بيته
ودار
الهوى
دار
دار
لدار
حلوه",positive,0.9797419905662537,love
معافى ياعسكر لبنان,معافى عسكر لبنان بو زنود المسميه وتتغاوى ارزه لبنان جبال الحريه خضرا ترقص عمطل وبحكايات العز تطل وتمد شلوحها للكل وعبيوت الكل تفيى ويا خضرا ترقص عمطل وبالخير وبالحب تهل شمسك هالمضويه تضل بهالدنيى مضويى,1974.0,الاخوين رحبانى,الأخوين رحباني,"معافى
عسكر
لبنان
بو
زنود
المسميه
وتتغاوى
ارزه
لبنان
جبال
الحريه
خضرا
ترقص
عمطل
وبحكايات
العز
تطل
وتمد
شلوحها
للكل
وعبيوت
الكل
تفيى
ويا
خضرا
ترقص
عمطل
وبالخير
وبالحب
تهل
شمسك
هالمضويه
تضل
بهالدنيى
مضويى",positive,0.9895581603050232,love
معرفتى فيك,معرفتى فيك اجت عا زعل معرفتى فيك كانت طبيعيى ملل حبك لإلى بلش متل الشفقه بدى حنان كنت سالانى علقانى بهالحلقه محتاجى انسان اليوم بعرف قلك يمكن هلق عم قلك حبيبى لاخر مره بقلك حبيبى مش انت حبيبى,1983.0,زياد رحبانى,زياد رحباني,"معرفتى
فيك
اجت
عا
زعل
معرفتى
فيك
كانت
طبيعيى
ملل
حبك
لإلى
بلش
متل
الشفقه
بدى
حنان
كنت
سالانى
علقانى
بهالحلقه
محتاجى
انسان
اليوم
بعرف
قلك
يمكن
هلق
عم
قلك
حبيبى
لاخر
مره
بقلك
حبيبى
مش
انت
حبيبى",negative,0.9430485367774963,love
معك حبيبى,معك ابقى حبيبى معك دبل الورد فى قمر خلصت القصص واغانى السهر انا حبيبى ابقى معك معك حبيبى ابقى عا طول بالصيف وبالشتى وبشمس الحقول الليل الغريب وعالسهر المجهول انا حبيبى معك معك ابقى حبيبى معك معك ابقى حبيبى معك دبل الورد فى قمر خلصت القصص واغانى السهر انا حبيبى ابقى معك معك حبيبى بدى ابقى سنين وصرنا منسيين عاسياج الايام بسفر الاحلام معك ابقى حبيبى معك دبل الورد فى قمر خلصت القصص واغانى السهر انا حبيبى ابقى معك,1998.0,الياس رحبانى,الأخوين رحباني,"معك
ابقى
حبيبى
معك
دبل
الورد
فى
قمر
خلصت
القصص
واغانى
السهر
انا
حبيبى
ابقى
معك
معك
حبيبى
ابقى
عا
طول
بالصيف
وبالشتى
وبشمس
الحقول
الليل
الغريب
وعالسهر
المجهول
انا
حبيبى
معك
معك
ابقى
حبيبى
معك
معك
ابقى
حبيبى
معك
دبل
الورد
فى
قمر
خلصت
القصص
واغانى
السهر
انا
حبيبى
ابقى
معك
معك
حبيبى
بدى
ابقى
سنين
وصرنا
منسيين
عاسياج
الايام
بسفر
الاحلام
معك
ابقى
حبيبى
معك
دبل
الورد
فى
قمر
خلصت
القصص
واغانى
السهر
انا
حبيبى
ابقى
معك",positive,0.9617282152175903,love
روابينا القمر,روابينا القمر جاءه امله خبر جايلته رندلى ودمى الحسن الاخر فاجئنه حافيا الزهر مزقت ثوبه نزوات تذر غزلنا يكسى القمر العذارى حوله فى الربى عقد شرر ضحكه طافره ونشيد فى الاثر والمساء المنتحى هاتيك الصور ذاهل شال صوتنا المختكر والروابى نهضت تجوال النظر ترى العمر قمر,1999.0,الاخوين رحبانى, سعيد عقل,"روابينا
القمر
جاءه
امله
خبر
جايلته
رندلى
ودمى
الحسن
الاخر
فاجئنه
حافيا
الزهر
مزقت
ثوبه
نزوات
تذر
غزلنا
يكسى
القمر
العذارى
حوله
فى
الربى
عقد
شرر
ضحكه
طافره
ونشيد
فى
الاثر
والمساء
المنتحى
هاتيك
الصور
ذاهل
شال
صوتنا
المختكر
والروابى
نهضت
تجوال
النظر
ترى
العمر
قمر",neutral,0.4558902084827423,neutral
نام تنام,نام تنام شوف تشوف بيارق السفرفوقنا عم تلمع ورق الشجرعم يتودع نام تنام شوف تشوف الغفا والصحو غمضه الصغر والكبر غمضه السنونو والسطح غيبه سنه رح يفلوا بغيبتك وتفل الدنى وبكرا اذا رجعوا رفوف السنونو بيتى بلا سطح وين بدهن يغطوا قولك عالشمسيه وبكرا اذا رجعو رفوف السنونو بيلمحوا بعيد قصرك العالى وسطحك القرميد وشمسيتى زغيره وسطحك كبير بيعششوا بقصرك وبينسونا كتير حسرتى علينا يجى لعنا العصافير نام تنام شوف تشوف,1971.0,الاخوين رحبانى,الأخوين رحباني,"نام
تنام
شوف
تشوف
بيارق
السفرفوقنا
عم
تلمع
ورق
الشجرعم
يتودع
نام
تنام
شوف
تشوف
الغفا
والصحو
غمضه
الصغر
والكبر
غمضه
السنونو
والسطح
غيبه
سنه
رح
يفلوا
بغيبتك
وتفل
الدنى
وبكرا
اذا
رجعوا
رفوف
السنونو
بيتى
بلا
سطح
وين
بدهن
يغطوا
قولك
عالشمسيه
وبكرا
اذا
رجعو
رفوف
السنونو
بيلمحوا
بعيد
قصرك
العالى
وسطحك
القرميد
وشمسيتى
زغيره
وسطحك
كبير
بيعششوا
بقصرك
وبينسونا
كتير
حسرتى
علينا
يجى
لعنا
العصافير
نام
تنام
شوف
تشوف",negative,0.9920089244842529,sadness
ندى,ندى بسمه الورد للندى فى الصباح ندى همسه الطهر فى شفاه الاقاح ندى شعله الحب قبله الارواح وشاح كساها الجمال وشاح اخت الفراشات يلعبن حاليات الجناح تبق للزهر والطير شذا وصداح رضابها للحميا والخد للتفاح وشاح كساها الجمال وشاح ندى سلسل الخمر فى الثنايا العذاب صفصف الشعر الجبين سطر كتاب رددتلى ياسى حلم الهوى والشباب انت الله عضت العناب وصفصفت بيديها وغمغمت بالجواب سل الرياحين عنى وسل حنين الرباب,1954.0,الاخوين رحبانى,بشارة الخوري,"ندى
بسمه
الورد
للندى
فى
الصباح
ندى
همسه
الطهر
فى
شفاه
الاقاح
ندى
شعله
الحب
قبله
الارواح
وشاح
كساها
الجمال
وشاح
اخت
الفراشات
يلعبن
حاليات
الجناح
تبق
للزهر
والطير
شذا
وصداح
رضابها
للحميا
والخد
للتفاح
وشاح
كساها
الجمال
وشاح
ندى
سلسل
الخمر
فى
الثنايا
العذاب
صفصف
الشعر
الجبين
سطر
كتاب
رددتلى
ياسى
حلم
الهوى
والشباب
انت
الله
عضت
العناب
وصفصفت
بيديها
وغمغمت
بالجواب
سل
الرياحين
عنى
وسل
حنين
الرباب",positive,0.8404868245124817,love
نسيتنا الكروم,نسيتنا الكروم البعيده نسيتنا الكروم ونسيتنا تلال القمر نسيتنا النجوم السعيده نسيتنا النجوم وضيعنا ليالى السهر رحنا دار الهوى بليله غوى تانزور اللى حوض وبقيه زهر وحكايه عطر محاها الزمان نسيتنا القصص ياحبيبى حكايا الجمال خلينى بالك حبيبى غنيه بال,1958.0,الاخوين رحبانى,الأخوين رحباني,"نسيتنا
الكروم
البعيده
نسيتنا
الكروم
ونسيتنا
تلال
القمر
نسيتنا
النجوم
السعيده
نسيتنا
النجوم
وضيعنا
ليالى
السهر
رحنا
دار
الهوى
بليله
غوى
تانزور
اللى
حوض
وبقيه
زهر
وحكايه
عطر
محاها
الزمان
نسيتنا
القصص
ياحبيبى
حكايا
الجمال
خلينى
بالك
حبيبى
غنيه
بال",negative,0.8460844159126282,love
نشيد المقاومه,خلصوا الاغانى هنى وغنوا عالجنوب خلصوا القصائد هنى وصفوا عالجنوب شهداء قلوا شهداء زادوا واذا واقف جنوب واقف باولاده خلصوا القضايا هنى ويردوها عالجنوب كسروا المنابر هنى ويعدوا عالجنوب يلى عم يحكوا اليوم اللى ماتوا المعثر بكل الارض دائما ذاته هيدى مش غنيه هيدى تحيه وبس,2000.0,زياد رحبانى, زياد رحباني,"خلصوا
الاغانى
هنى
وغنوا
عالجنوب
خلصوا
القصائد
هنى
وصفوا
عالجنوب
شهداء
قلوا
شهداء
زادوا
واذا
واقف
جنوب
واقف
باولاده
خلصوا
القضايا
هنى
ويردوها
عالجنوب
كسروا
المنابر
هنى
ويعدوا
عالجنوب
يلى
عم
يحكوا
اليوم
اللى
ماتوا
المعثر
بكل
الارض
دائما
ذاته
هيدى
مش
غنيه
هيدى
تحيه
وبس",positive,0.6325341463088989,joy
ياحلو ياقمر,حلو حلو قمر ندى غصن سجر امى استوى كرمنا امى حليو عناقيدو امى واخضر الجنا الله بيصونو ويزيدو ساكن شباكنا طير ونحنا منريدو لحنو بيضيقنا منضل نقولو ونعيدو احلاك عدروب دروبنا وقلوب قلوبنا بتضل تترجاك محلاك واقمار اقمارنا تحاكيك اسرارنا وتقلنا شو باك امى لاح بحينا بيلوح بايدو طل الهوى ذلنا بتروح مواعيدو,1996.0,الاخوين رحبانى,الأخوين رحباني,"حلو
حلو
قمر
ندى
غصن
سجر
امى
استوى
كرمنا
امى
حليو
عناقيدو
امى
واخضر
الجنا
الله
بيصونو
ويزيدو
ساكن
شباكنا
طير
ونحنا
منريدو
لحنو
بيضيقنا
منضل
نقولو
ونعيدو
احلاك
عدروب
دروبنا
وقلوب
قلوبنا
بتضل
تترجاك
محلاك
واقمار
اقمارنا
تحاكيك
اسرارنا
وتقلنا
شو
باك
امى
لاح
بحينا
بيلوح
بايدو
طل
الهوى
ذلنا
بتروح
مواعيدو",positive,0.9632593989372253,joy
يارايح كفر,رايح كفر حالا امروق بسوق العناب فى بنت بتنسى حالها وهى الباب خبرنا احوالها رايح كفر حالا شمالك فى دكانه بتبيع مغازل صوف بنت بتقعد سهيانه تنطر تيجيها ضيوف حلوه والخصر بيلوى بتعرف انا حلوه تفوقها حالها بلكى اشغلت بالها تعرفها عينيها بيضلو تعبانين وتتطلع ايديها وع خواتمها الحلوين قرب خبرها عنى بلكى زعلانه منى واسرق لى وإنت قبالها خيط زغير شاله وان حالتها حاله وع ريفها شفت دموع قل عنيها ببالى همها بوجهى مزروع وتحرقنى الضحكه ال بدها تحكى بتحكى ياخوفى خيالها والبعد يغير حالها,1970.0,الاخوين رحبانى,الأخوين رحباني,"رايح
كفر
حالا
امروق
بسوق
العناب
فى
بنت
بتنسى
حالها
وهى
الباب
خبرنا
احوالها
رايح
كفر
حالا
شمالك
فى
دكانه
بتبيع
مغازل
صوف
بنت
بتقعد
سهيانه
تنطر
تيجيها
ضيوف
حلوه
والخصر
بيلوى
بتعرف
انا
حلوه
تفوقها
حالها
بلكى
اشغلت
بالها
تعرفها
عينيها
بيضلو
تعبانين
وتتطلع
ايديها
وع
خواتمها
الحلوين
قرب
خبرها
عنى
بلكى
زعلانه
منى
واسرق
لى
وإنت
قبالها
خيط
زغير
شاله
وان
حالتها
حاله
وع
ريفها
شفت
دموع
قل
عنيها
ببالى
همها
بوجهى
مزروع
وتحرقنى
الضحكه
ال
بدها
تحكى
بتحكى
ياخوفى
خيالها
والبعد
يغير
حالها",negative,0.9468598365783691,sadness
ياقمر دارتنا,قمر دارتنا حكايه سهرتنا يللى فتنتنا حلوه جارتنا قمر دارتنا تلالك ليلتنا رقصه حملتنا وصوبك اخدتنا شفناك ميلنا بهالليل وسالنا تاريك حاببنا بتقول شو زعلنا والقمر دارتنا حكاياته بسهرتنا رقصه حملتنا وصوبه اخدتنا,1997.0,الاخوين رحبانى,الأخوين رحباني,"قمر
دارتنا
حكايه
سهرتنا
يللى
فتنتنا
حلوه
جارتنا
قمر
دارتنا
تلالك
ليلتنا
رقصه
حملتنا
وصوبك
اخدتنا
شفناك
ميلنا
بهالليل
وسالنا
تاريك
حاببنا
بتقول
شو
زعلنا
والقمر
دارتنا
حكاياته
بسهرتنا
رقصه
حملتنا
وصوبه
اخدتنا",negative,0.8372400999069214,longing
ياقمر لشو تطلع,ياقمر ياقمر ضوى ضوى عاشجر وياشجر بالسهر لوح لوح للقمر ياقمر ياقمر لشو تطلع ياقمر بتقعد تتسمع الاوراق مش احسن تقوم تطلع وتفضح العشاق تضوى تكشف صور وتحكى يزيع الخبر احلى تضلك قمر زغير لشو تكبر ياقمر سافرت كتير وضويت عمرك كلو بتلقيلك شى بيت وبتقعد ترتاح هالعيشه الكلها سفر بكرا بتجبلك ضجر خلينا نشتاق غبلك سنه ياقمر,1971.0,الاخوين رحبانى,الأخوين رحباني,"ياقمر
ياقمر
ضوى
ضوى
عاشجر
وياشجر
بالسهر
لوح
لوح
للقمر
ياقمر
ياقمر
لشو
تطلع
ياقمر
بتقعد
تتسمع
الاوراق
مش
احسن
تقوم
تطلع
وتفضح
العشاق
تضوى
تكشف
صور
وتحكى
يزيع
الخبر
احلى
تضلك
قمر
زغير
لشو
تكبر
ياقمر
سافرت
كتير
وضويت
عمرك
كلو
بتلقيلك
شى
بيت
وبتقعد
ترتاح
هالعيشه
الكلها
سفر
بكرا
بتجبلك
ضجر
خلينا
نشتاق
غبلك
سنه
ياقمر",negative,0.9094369411468506,sadness
يامحلا ليالى الهوى,محلا ليالى الهوى يوم اللى التقينا والخيمه عالعالى عالعالى رح بيطيرها الهوا خيمه اللى عمرها بالبنفسج زنرها وبالشجر دايرها مراجيح الغوى الصبح خصله الشعر لمها عناقيد العلى امها تقول تقول الكرم استوى منديل القصب شلته بجروح الهوى غزلته فى دوا سالته جوابنى فى دوا,1963.0,الاخوين رحبانى,الأخوين رحباني,"محلا
ليالى
الهوى
يوم
اللى
التقينا
والخيمه
عالعالى
عالعالى
رح
بيطيرها
الهوا
خيمه
اللى
عمرها
بالبنفسج
زنرها
وبالشجر
دايرها
مراجيح
الغوى
الصبح
خصله
الشعر
لمها
عناقيد
العلى
امها
تقول
تقول
الكرم
استوى
منديل
القصب
شلته
بجروح
الهوى
غزلته
فى
دوا
سالته
جوابنى
فى
دوا",positive,0.9674124121665955,joy
يوم يومين جمعه,يوم يومين جمعه وشهر شهرين تعبت بعينى الدمعه وين غايب وين شهر شهرين بعدك بعدك بتقول تقول محافظ عا وعدك الوعد يطول قلبى الناطر عابعدك بالو مشغول مشغول ليلو بعدك صاير ليلين عالعالى طاروا علوا جوز حساسين حساسين راحوا غلوا بعب الشربين يسال وينن نقلو راحوا الحلوين الحلوين الكانوا يملوا راس العين زهر شباكك زهر شباكك فل الفل العجبينك نور نور عالكل جينا لعندك تانسهر كنت تطل طل الشوق المسهر دمعات العين,,الاخوين رحبانى,الأخوين رحباني,"يوم
يومين
جمعه
وشهر
شهرين
تعبت
بعينى
الدمعه
وين
غايب
وين
شهر
شهرين
بعدك
بعدك
بتقول
تقول
محافظ
عا
وعدك
الوعد
يطول
قلبى
الناطر
عابعدك
بالو
مشغول
مشغول
ليلو
بعدك
صاير
ليلين
عالعالى
طاروا
علوا
جوز
حساسين
حساسين
راحوا
غلوا
بعب
الشربين
يسال
وينن
نقلو
راحوا
الحلوين
الحلوين
الكانوا
يملوا
راس
العين
زهر
شباكك
زهر
شباكك
فل
الفل
العجبينك
نور
نور
عالكل
جينا
لعندك
تانسهر
كنت
تطل
طل
الشوق
المسهر
دمعات
العين",negative,0.7409924864768982,love
يريد زهره,يريد زهره وليس فى الروض زهور ووردنا يعقد عبير والحقل طيوب يريد زهره تسمعين ياطيور اين لى زهر وورد ترى اهدى حبيبى ساجمع الشوق بقلبى واقطف اللحن الغنى وانتقى روض حبى براعم الحزن الوفير شذا النسمات الم طيب فاجمع الباقات للساحر الحبيب يريد زهره وليس فى الروض زهور ووردنا يعقد عبير والحقل طيوب يريد زهره تسمعين ياطيور اين لى زهر وورد ترى اهدى حبيبى,1955.0,الاخوين رحبانى,الأخوين رحباني,"يريد
زهره
وليس
فى
الروض
زهور
ووردنا
يعقد
عبير
والحقل
طيوب
يريد
زهره
تسمعين
ياطيور
اين
لى
زهر
وورد
ترى
اهدى
حبيبى
ساجمع
الشوق
بقلبى
واقطف
اللحن
الغنى
وانتقى
روض
حبى
براعم
الحزن
الوفير
شذا
النسمات
الم
طيب
فاجمع
الباقات
للساحر
الحبيب
يريد
زهره
وليس
فى
الروض
زهور
ووردنا
يعقد
عبير
والحقل
طيوب
يريد
زهره
تسمعين
ياطيور
اين
لى
زهر
وورد
ترى
اهدى
حبيبى",negative,0.4217357039451599,love
رعيان الجبال,يارعيان الجبال اذا طلعتوا عالجبال قولوا لحبيبى عادت ايام الهوى ياقطافين الكروم اذا قطفتوا الكروم قولوا لحبيبى زمان الهوى قولوا الزعل والهوى عم يقطف قمره واللوم انتهى وارتاح هالقلب وقبل بسهره قولوا الناطر ناطر والمشتاق اشتاق ورجعت عالقناطر نجمه العشاق وقولوا لحبيبى انه حبيبى اصوات العصافير عم اكتب حبى وعتبى دلوا عليى النواطير والغربا عرفوا بتعبى قولوا العمر قصير وشمس العمر خيال وقصر الحب زغير والساعات قلال وقولوا لحبيبى انو حبيبى,1969.0,الاخوين رحبانى,الأخوين رحباني,"يارعيان
الجبال
اذا
طلعتوا
عالجبال
قولوا
لحبيبى
عادت
ايام
الهوى
ياقطافين
الكروم
اذا
قطفتوا
الكروم
قولوا
لحبيبى
زمان
الهوى
قولوا
الزعل
والهوى
عم
يقطف
قمره
واللوم
انتهى
وارتاح
هالقلب
وقبل
بسهره
قولوا
الناطر
ناطر
والمشتاق
اشتاق
ورجعت
عالقناطر
نجمه
العشاق
وقولوا
لحبيبى
انه
حبيبى
اصوات
العصافير
عم
اكتب
حبى
وعتبى
دلوا
عليى
النواطير
والغربا
عرفوا
بتعبى
قولوا
العمر
قصير
وشمس
العمر
خيال
وقصر
الحب
زغير
والساعات
قلال
وقولوا
لحبيبى
انو
حبيبى",positive,0.6071361899375916,love
ريت انت وانا بالييت,ريت انت انا بالبيت شى بيت ابعد بيت ممحى ورا حدود العتم الريح التلج نازل بالدنيى تجريح يضيع طريقك تعود تفل تضل حدى تضل يزهر يدبل الف موسم فل تضل حدى تضل حدى تضل يضل بالقنديل نقطه زيت,1963.0,الاخوين رحبانى,الأخوين رحباني,"ريت
انت
انا
بالبيت
شى
بيت
ابعد
بيت
ممحى
ورا
حدود
العتم
الريح
التلج
نازل
بالدنيى
تجريح
يضيع
طريقك
تعود
تفل
تضل
حدى
تضل
يزهر
يدبل
الف
موسم
فل
تضل
حدى
تضل
حدى
تضل
يضل
بالقنديل
نقطه
زيت",neutral,0.5343349575996399,neutral
زنبق,زنبق غاوى بسياجه ومفيى بوراقك دراجه بيجى يتكى وبيطول الحكى بلبل بخيال عناقيده بتقول ينسى مواعيده ودينا لشباكه يمام ولقلبه ملام ولعيونه سلام ميل ستار تيه عالدار لوح للعين جنات وزرار,1955.0,الاخوين رحبانى,الأخوين رحباني,"زنبق
غاوى
بسياجه
ومفيى
بوراقك
دراجه
بيجى
يتكى
وبيطول
الحكى
بلبل
بخيال
عناقيده
بتقول
ينسى
مواعيده
ودينا
لشباكه
يمام
ولقلبه
ملام
ولعيونه
سلام
ميل
ستار
تيه
عالدار
لوح
للعين
جنات
وزرار",neutral,0.37362682819366455,love
شام الصيف,شام الصيف متئدا وعاد بى الجناح صرخ الحنين اليك بى اقلع ونادتنى الرياح اصوات اصحابى وعيناها ووعد غد يتاح احبهم نهبوا رقادى استراحوا فانا جرح الهوى وهناك فى وطنى جراح وعليك عينى دمشق فمنك ينهمر الصباح حب تمنعنى وتسالنى الزمن المباح وانا اليك الدرب والطير المشرد والاقاح فى الشام انت هوى وفى بيروت اغنيه راحاهلى واهلك والحضاره وحدتنا والسماح وصمودنا وقوافل الابطال ضحوا وراحوا شام بوابه التاريخ تحرسك الرماح,1976.0,الاخوين رحبانى,سعيد عقل,"شام
الصيف
متئدا
وعاد
بى
الجناح
صرخ
الحنين
اليك
بى
اقلع
ونادتنى
الرياح
اصوات
اصحابى
وعيناها
ووعد
غد
يتاح
احبهم
نهبوا
رقادى
استراحوا
فانا
جرح
الهوى
وهناك
فى
وطنى
جراح
وعليك
عينى
دمشق
فمنك
ينهمر
الصباح
حب
تمنعنى
وتسالنى
الزمن
المباح
وانا
اليك
الدرب
والطير
المشرد
والاقاح
فى
الشام
انت
هوى
وفى
بيروت
اغنيه
راحاهلى
واهلك
والحضاره
وحدتنا
والسماح
وصمودنا
وقوافل
الابطال
ضحوا
وراحوا
شام
بوابه
التاريخ
تحرسك
الرماح",positive,0.464324951171875,love
شاويش الكراكون,ارضك غنيى ماشاالله بيوتك رضيى الله عاجبالك العز رايى عليى خاف الله شاويش الكراكون حياتك تاخرنا ام الاصفر عالبلكون قالت بدا تنطرنا شاويش الكراكون الكراكون الكراكون ردت ردت قمطتها عالغره العسليى الشوق اللى بلفتتها ايام الصيفيى طارت غرتها الهوا لوح جبهتها غربتنا بجوز عيون عيون عيون عيون عيون شدت شدت زنارا عازهور الخصر المايل الياقوت المحتاره مشغولى بالجدايل بهيك الإشاره يقلا بحبك جارا قالت حبى كلو جنون جنون جنون جنون جنون,1970.0,الاخوين رحبانى,الأخوين رحباني,"ارضك
غنيى
ماشاالله
بيوتك
رضيى
الله
عاجبالك
العز
رايى
عليى
خاف
الله
شاويش
الكراكون
حياتك
تاخرنا
ام
الاصفر
عالبلكون
قالت
بدا
تنطرنا
شاويش
الكراكون
الكراكون
الكراكون
ردت
ردت
قمطتها
عالغره
العسليى
الشوق
اللى
بلفتتها
ايام
الصيفيى
طارت
غرتها
الهوا
لوح
جبهتها
غربتنا
بجوز
عيون
عيون
عيون
عيون
عيون
شدت
شدت
زنارا
عازهور
الخصر
المايل
الياقوت
المحتاره
مشغولى
بالجدايل
بهيك
الإشاره
يقلا
بحبك
جارا
قالت
حبى
كلو
جنون
جنون
جنون
جنون
جنون",positive,0.469401091337204,love
اقول لطفلتى,اقول لطفلتى اذا الليل برد وصمت الربى ربا تحد نصلى فانت صغيره الصغار صلاتهم ترد اقول لجارتى الا جئتى نسه فعندى ولوز وسكر نغنى فانت وحيده الغناء يخلى انتظارك اقصر عندى بيت ارض صغيره فانا الان يسكننى الامان ابيع ارضى بذهب الارض تراب بلادى تراب الجنان وفيه ينام الزمان اقول لبيتنا اذا صرت وحدى وهبت ليال بثلج برد ليالى وبيتى نار ويمضى الشتاء رفيقا كغابه,1999.0,الاخوين رحبانى,الأخوين رحباني,"اقول
لطفلتى
اذا
الليل
برد
وصمت
الربى
ربا
تحد
نصلى
فانت
صغيره
الصغار
صلاتهم
ترد
اقول
لجارتى
الا
جئتى
نسه
فعندى
ولوز
وسكر
نغنى
فانت
وحيده
الغناء
يخلى
انتظارك
اقصر
عندى
بيت
ارض
صغيره
فانا
الان
يسكننى
الامان
ابيع
ارضى
بذهب
الارض
تراب
بلادى
تراب
الجنان
وفيه
ينام
الزمان
اقول
لبيتنا
اذا
صرت
وحدى
وهبت
ليال
بثلج
برد
ليالى
وبيتى
نار
ويمضى
الشتاء
رفيقا
كغابه",negative,0.8626715540885925,longing
اسمر اسمر,اسمر اسمر طاب العنبر وفى لماك انجلى وشعشع الكوثر كبرت حبنا وربنا اكبر بحق عينيك اقبلت تستغفر تحاذر جفا فإننا نعذر اسمر ناسيا عهدنا تذكر وعدتنا باللقا ولم تزل تهجر والشوق يرعوى والقلب يصبر اسمر اهكذا حبنا كالحلم او اقصر الضحى والموعد المبكر وملتقى نبح نضمر وخلوه يكن انقى اطهر سمره غزا بمثلها عنتر ونظره مثلما تلفت الجؤذر وبسمه تموج المرمر وهمسه حلوه اهلها خبروا ذنبنا اننا بالحب نذكر واننا طوع يناى يامر اسمر,,الاخوين رحبانى,الأخوين رحباني,"اسمر
اسمر
طاب
العنبر
وفى
لماك
انجلى
وشعشع
الكوثر
كبرت
حبنا
وربنا
اكبر
بحق
عينيك
اقبلت
تستغفر
تحاذر
جفا
فإننا
نعذر
اسمر
ناسيا
عهدنا
تذكر
وعدتنا
باللقا
ولم
تزل
تهجر
والشوق
يرعوى
والقلب
يصبر
اسمر
اهكذا
حبنا
كالحلم
او
اقصر
الضحى
والموعد
المبكر
وملتقى
نبح
نضمر
وخلوه
يكن
انقى
اطهر
سمره
غزا
بمثلها
عنتر
ونظره
مثلما
تلفت
الجؤذر
وبسمه
تموج
المرمر
وهمسه
حلوه
اهلها
خبروا
ذنبنا
اننا
بالحب
نذكر
واننا
طوع
يناى
يامر
اسمر",positive,0.8799173831939697,love
اطلعى عروسه,اطلعى عروسه عالكرم نقى العنب وطلعت العروسه الكرم طار العنب وطلعت العروسه تنقى ضحك الناطور وقلبو حزين ولوحت بعيونو لفته مليانه عتب وضاع بهالبرارى وانبح صوت القصب وطلعت العروسه تنقى عريس رماها الهوى ونقاها العريس لبست الاساور والطرحه قصب رقصت العروسه وضحك رنين الدهب,1967.0,الاخوين رحبانى,الأخوين رحباني,"اطلعى
عروسه
عالكرم
نقى
العنب
وطلعت
العروسه
الكرم
طار
العنب
وطلعت
العروسه
تنقى
ضحك
الناطور
وقلبو
حزين
ولوحت
بعيونو
لفته
مليانه
عتب
وضاع
بهالبرارى
وانبح
صوت
القصب
وطلعت
العروسه
تنقى
عريس
رماها
الهوى
ونقاها
العريس
لبست
الاساور
والطرحه
قصب
رقصت
العروسه
وضحك
رنين
الدهب",negative,0.9108849167823792,love
الارض,الارض لكمف الارض تبتهج بملامسه اقدامكم العاريه والارض لكموشعوركم مسترسله تتوق اليها الريح والارض وانتم الطريق فانهضوا قيدكم عراه اقوياء والارض قدسوا الحريه يحكمكم طغاه الارض الارض وانت اخى لماذا اذا تخاصمنى انا اسمع وانت ترى وبنا شوق ليدرك بعضنا الاخر فهذى يدى هات يدك هذى يدى هات يدك هات يدك,2010.0,زياد رحبانى,جبران خليل جبران,"الارض
لكمف
الارض
تبتهج
بملامسه
اقدامكم
العاريه
والارض
لكموشعوركم
مسترسله
تتوق
اليها
الريح
والارض
وانتم
الطريق
فانهضوا
قيدكم
عراه
اقوياء
والارض
قدسوا
الحريه
يحكمكم
طغاه
الارض
الارض
وانت
اخى
لماذا
اذا
تخاصمنى
انا
اسمع
وانت
ترى
وبنا
شوق
ليدرك
بعضنا
الاخر
فهذى
يدى
هات
يدك
هذى
يدى
هات
يدك
هات
يدك",negative,0.9779963493347168,longing
الله كبير,بتذكر شو كنت تقلتلى يصير انتظرينى وضلك صلى الله كبير يوما شو مدى نهار شى كتير اللى وبعدو بيصير الله كبير ذاكر قدى قلتلى هالعمر انو قصير وإنو انا فى متلى وحبى اخير يوما شو مدى نهار شى كتير اللى وبعدو بيصير الله كبير,2010.0,زياد الرحبانى,زياد الرحباني,"بتذكر
شو
كنت
تقلتلى
يصير
انتظرينى
وضلك
صلى
الله
كبير
يوما
شو
مدى
نهار
شى
كتير
اللى
وبعدو
بيصير
الله
كبير
ذاكر
قدى
قلتلى
هالعمر
انو
قصير
وإنو
انا
فى
متلى
وحبى
اخير
يوما
شو
مدى
نهار
شى
كتير
اللى
وبعدو
بيصير
الله
كبير",positive,0.5748953819274902,love
الله معك هوانا,الله معاك ياهوانا مفارقنا حكم الهوى ياهوانا وتفارقنا ويا اهل السهر يلى نطرونا بكره اذا ذكروا العشاق ضلوا تذكرونا تذكرونا تذكرونا ضلوا تذكرونا حزنى السعيد انتهينا وتودعناما بنسى شو بكينا وصلينا تتضلك معنى ويا اهل السهر يلى نطرونا بكره اذا ذكروا العشاق ضلوا تذكرونا تذكرونا تذكرونا ضلوا تذكرونا نبقى وصوتك بالليليقلى وانا عم بسمع بحبك نجوم الليل نجمه ونجمه توقع وخلص الحب وسكتت الكلمه وتسكر القلب وقع نجمه متارى الكلام بيضله كلاموكل شى بيخلص الاحلام والايام بتمحى الايام الله معاك ياهوانا مفارقنا حكم الهوى ياهوانا وتفارقنا ويا اهل السهر يلى نطرونا بكره اذا ذكروا العشاق ضلوا تذكرونا تذكرونا تذكرونا ضلوا تذكرونا,,الاخوين رحبانى,الأخوين رحباني,"الله
معاك
ياهوانا
مفارقنا
حكم
الهوى
ياهوانا
وتفارقنا
ويا
اهل
السهر
يلى
نطرونا
بكره
اذا
ذكروا
العشاق
ضلوا
تذكرونا
تذكرونا
تذكرونا
ضلوا
تذكرونا
حزنى
السعيد
انتهينا
وتودعناما
بنسى
شو
بكينا
وصلينا
تتضلك
معنى
ويا
اهل
السهر
يلى
نطرونا
بكره
اذا
ذكروا
العشاق
ضلوا
تذكرونا
تذكرونا
تذكرونا
ضلوا
تذكرونا
نبقى
وصوتك
بالليليقلى
وانا
عم
بسمع
بحبك
نجوم
الليل
نجمه
ونجمه
توقع
وخلص
الحب
وسكتت
الكلمه
وتسكر
القلب
وقع
نجمه
متارى
الكلام
بيضله
كلاموكل
شى
بيخلص
الاحلام
والايام
بتمحى
الايام
الله
معاك
ياهوانا
مفارقنا
حكم
الهوى
ياهوانا
وتفارقنا
ويا
اهل
السهر
يلى
نطرونا
بكره
اذا
ذكروا
العشاق
ضلوا
تذكرونا
تذكرونا
تذكرونا
ضلوا
تذكرونا",negative,0.8024970293045044,love
امس انتهينا,امس انتهينا كنا صاحب الوعد خلى الوعد نسيانا طاف النعاس ماضيك وارتحلت حدائق العمر بكيا فاهدا الان الوداع ابتسامات مبلله بالدمع حينا وبالتذكار احيانا الهدايا كانت ثروتنا ليل الوداع نسيناها هدايانا شريط شعر عبيق الضوع محرمه ونجمه سقطت غصن لقيانا اسلمتها لرياح الارض تحملها الهبوب ادركت شطانا رحله فى مدى النسيان موجعه اغنى الهوى عنها واغنانا,1999.0,الاخوين رحبانى,الأخوين رحباني,"امس
انتهينا
كنا
صاحب
الوعد
خلى
الوعد
نسيانا
طاف
النعاس
ماضيك
وارتحلت
حدائق
العمر
بكيا
فاهدا
الان
الوداع
ابتسامات
مبلله
بالدمع
حينا
وبالتذكار
احيانا
الهدايا
كانت
ثروتنا
ليل
الوداع
نسيناها
هدايانا
شريط
شعر
عبيق
الضوع
محرمه
ونجمه
سقطت
غصن
لقيانا
اسلمتها
لرياح
الارض
تحملها
الهبوب
ادركت
شطانا
رحله
فى
مدى
النسيان
موجعه
اغنى
الهوى
عنها
واغنانا",negative,0.9152953028678894,love
امى الحبيبه,امى امى الحبيب نفح الرياحين الورود اين ابتساماتك الرطيبه تسمو بإشراقه الوجود لاسم امى الجميا لحن فى القلب احلى النسيم وجه لاح حسن يرقى الى وجهها الكريم لى حبك العظيم احيا الوعد بالنعيم روحا بارجائه اهيم طفلا لاحضانه اعود امى لى يديك ارجوهما السماء ابوابها طوع راحتيك ان تسالها يسمع الرجاء حلا بإسمها النداء تسامى العطاء ان زمت جودا السماء نعماك تجود القاك فى نجمه الصباح فى مبسم الزنبق الرطيب فى زرقه البحر فى الاقاح امى فى دمعه الغريب الشمس تدنو الغروب كانها وجهك الحبيب وجه امى تغيب اماه انشوده الخلود,,زكى ناصيف,زكي ناصيف,"امى
امى
الحبيب
نفح
الرياحين
الورود
اين
ابتساماتك
الرطيبه
تسمو
بإشراقه
الوجود
لاسم
امى
الجميا
لحن
فى
القلب
احلى
النسيم
وجه
لاح
حسن
يرقى
الى
وجهها
الكريم
لى
حبك
العظيم
احيا
الوعد
بالنعيم
روحا
بارجائه
اهيم
طفلا
لاحضانه
اعود
امى
لى
يديك
ارجوهما
السماء
ابوابها
طوع
راحتيك
ان
تسالها
يسمع
الرجاء
حلا
بإسمها
النداء
تسامى
العطاء
ان
زمت
جودا
السماء
نعماك
تجود
القاك
فى
نجمه
الصباح
فى
مبسم
الزنبق
الرطيب
فى
زرقه
البحر
فى
الاقاح
امى
فى
دمعه
الغريب
الشمس
تدنو
الغروب
كانها
وجهك
الحبيب
وجه
امى
تغيب
اماه
انشوده
الخلود",positive,0.9629793167114258,love
انت لى,انت لى كالغيم للجدول كاللحن للبلبل ومشتهاى هواك انت لى وللهوى منزل وفيئه المخملى وكل طيب فداك منزلى الصنوبر موطن اليمام الاليف منزلى دنياه كوثر كنه ممره الوريف وحين مر الغمام مغلل غصن راحت طيور اليمام فى صوب تغنى انت لى,,الاخوين رحبانى,الأخوين رحباني,"انت
لى
كالغيم
للجدول
كاللحن
للبلبل
ومشتهاى
هواك
انت
لى
وللهوى
منزل
وفيئه
المخملى
وكل
طيب
فداك
منزلى
الصنوبر
موطن
اليمام
الاليف
منزلى
دنياه
كوثر
كنه
ممره
الوريف
وحين
مر
الغمام
مغلل
غصن
راحت
طيور
اليمام
فى
صوب
تغنى
انت
لى",positive,0.9614299535751343,joy
اهواك,اهواك بلا امل عيونك تبسم لى ورودك تغرينى بشهيات القبل اهواك لى قلب بغرامك يلتهب تدنيه فيقترب تقصيه فيغترب فى الظلمه يكتئب يهدهده التعب فيذوب ينسكب كالدمع المقل فى السهره انتظر يطول بى السهر فيسائلنى القمر حلوه الخبر فاجيبه القلب تيمه الحب بدر انا السبب احببت بلا امل,,زكى ناصيف,زكي ناصيف,"اهواك
بلا
امل
عيونك
تبسم
لى
ورودك
تغرينى
بشهيات
القبل
اهواك
لى
قلب
بغرامك
يلتهب
تدنيه
فيقترب
تقصيه
فيغترب
فى
الظلمه
يكتئب
يهدهده
التعب
فيذوب
ينسكب
كالدمع
المقل
فى
السهره
انتظر
يطول
بى
السهر
فيسائلنى
القمر
حلوه
الخبر
فاجيبه
القلب
تيمه
الحب
بدر
انا
السبب
احببت
بلا
امل",positive,0.8518261313438416,love
اهو دا اللى,اهو دا اللى ادى اللى مالكش حق مالكش حق تلوم عليا تلوم عليا ازاى سيدنا خير بلادنا ماهوش فى ادنا قولى اشيا تفدنا بعدها بقى لوم عليا مصر ام العجايب شعبك اصيل الخصم عايب خلى بالك الحبايب دول انصار القضيه بدال يشمت فينا حاسد ايدك فى ايدى نقوم نجاهد احنا نبقى الكل والايادى تكون قويه,,سيد درويش,بديع خيري,"اهو
دا
اللى
ادى
اللى
مالكش
حق
مالكش
حق
تلوم
عليا
تلوم
عليا
ازاى
سيدنا
خير
بلادنا
ماهوش
فى
ادنا
قولى
اشيا
تفدنا
بعدها
بقى
لوم
عليا
مصر
ام
العجايب
شعبك
اصيل
الخصم
عايب
خلى
بالك
الحبايب
دول
انصار
القضيه
بدال
يشمت
فينا
حاسد
ايدك
فى
ايدى
نقوم
نجاهد
احنا
نبقى
الكل
والايادى
تكون
قويه",positive,0.5641286373138428,love
سيد الهوى,سيد الهوى قمرى مورق الجمال طرى دائم الوجد والغوى سيد الهوى قمرى وجهه الغض لاح عصف الليل بالحلى وبكت زهره الملاح رات شعره الفتى وانا اغسل الندى ملاعب الشجر اكتب الشوق موعدا فى وريقه العمر طالع الخصر بالهتاف وحكى صوته المدل شراع ضفاف ضفاف السنا يطل سامح العمر واهتدى طوله سفرى وشدا بلبل شدا بالجمال والذكر,1999.0,محمد محسن,,"سيد
الهوى
قمرى
مورق
الجمال
طرى
دائم
الوجد
والغوى
سيد
الهوى
قمرى
وجهه
الغض
لاح
عصف
الليل
بالحلى
وبكت
زهره
الملاح
رات
شعره
الفتى
وانا
اغسل
الندى
ملاعب
الشجر
اكتب
الشوق
موعدا
فى
وريقه
العمر
طالع
الخصر
بالهتاف
وحكى
صوته
المدل
شراع
ضفاف
ضفاف
السنا
يطل
سامح
العمر
واهتدى
طوله
سفرى
وشدا
بلبل
شدا
بالجمال
والذكر",positive,0.9325235486030579,longing
شو هالايام,شو هالايام اللى وصلنالها قال انه غنى عم يعطى فقير كانه المصارى قشطت لحالها عاهيدا نتفه وهيدا كثير حلوه دى حلوه دى تعجن فى الفجريه بيقولوا عرق جبينه طلع مصارى هالإنسان طيب هايدا وكيف ملايينه مره شايفينه عرقان مش صحيح مش صحيح الهوا غلاب الغنى نفسه حابب يوزع ورق المال انه بخيل ابدا عكسه تذكركن ولاد الحلال ليل لال ليل لال وحول منا عنده ستيلو بمينع انه يصير تنسيق جيب لى لامضى قلم ستيلو الشعوب بكره تفى سلام سلام سلم المصارى اللى مضبوبه اللى بتنعد بتنقاس اصلها جياب الناس مسحوبه ولازم ترجع جياب الناس هى دى هى هى دى هى الاصليه,2000.0,زياد الرحبانى,زياد الرحباني,"شو
هالايام
اللى
وصلنالها
قال
انه
غنى
عم
يعطى
فقير
كانه
المصارى
قشطت
لحالها
عاهيدا
نتفه
وهيدا
كثير
حلوه
دى
حلوه
دى
تعجن
فى
الفجريه
بيقولوا
عرق
جبينه
طلع
مصارى
هالإنسان
طيب
هايدا
وكيف
ملايينه
مره
شايفينه
عرقان
مش
صحيح
مش
صحيح
الهوا
غلاب
الغنى
نفسه
حابب
يوزع
ورق
المال
انه
بخيل
ابدا
عكسه
تذكركن
ولاد
الحلال
ليل
لال
ليل
لال
وحول
منا
عنده
ستيلو
بمينع
انه
يصير
تنسيق
جيب
لى
لامضى
قلم
ستيلو
الشعوب
بكره
تفى
سلام
سلام
سلم
المصارى
اللى
مضبوبه
اللى
بتنعد
بتنقاس
اصلها
جياب
الناس
مسحوبه
ولازم
ترجع
جياب
الناس
هى
دى
هى
هى
دى
هى
الاصليه",negative,0.9961573481559753,longing
لازم ودعكن,انا لازم ودعكن وخبركن عنى انا القصه منكن كنت بغنى غنينا اغانى اوراق غنيه لواحد مشتاق ودايما بالاخر فى اخر فى وقت فراق جماعه لازم خبركن هالقصه عنى انا شى بقوله عم حسه وعم يطلع منى موسيقيى دقوا وفلوا والعالم صاروا يقلوا ودايما فى الاخر فى اخر فى وقت فراق بكرا برجع بوقف معكن اذا مش بكرا البعدو اكيد انتوا احكونى وانا بسمعكن للصوت بعيد بلا موسيقتنا الليله حزينه بلا غنيه الليله بتطول ليله بغنى بمدينه وبحمل صوتى وبمشى عطول غنيه نفعت معنا كلمه الا شى حزين اذا بكينا دمعنا تفتكروا فرحانيين,1997.0,زياد الرحبانى,زياد الرحباني,"انا
لازم
ودعكن
وخبركن
عنى
انا
القصه
منكن
كنت
بغنى
غنينا
اغانى
اوراق
غنيه
لواحد
مشتاق
ودايما
بالاخر
فى
اخر
فى
وقت
فراق
جماعه
لازم
خبركن
هالقصه
عنى
انا
شى
بقوله
عم
حسه
وعم
يطلع
منى
موسيقيى
دقوا
وفلوا
والعالم
صاروا
يقلوا
ودايما
فى
الاخر
فى
اخر
فى
وقت
فراق
بكرا
برجع
بوقف
معكن
اذا
مش
بكرا
البعدو
اكيد
انتوا
احكونى
وانا
بسمعكن
للصوت
بعيد
بلا
موسيقتنا
الليله
حزينه
بلا
غنيه
الليله
بتطول
ليله
بغنى
بمدينه
وبحمل
صوتى
وبمشى
عطول
غنيه
نفعت
معنا
كلمه
الا
شى
حزين
اذا
بكينا
دمعنا
تفتكروا
فرحانيين",negative,0.9623138308525085,longing
زمان,زمان الحلو بان زمان يمكن حدا زعلو عتبان زمان باعت رسول الحلو بيقول هالرسول انو الهوى بدلو عا طول ناسى عا طول مين خلاك تدلل علينا مين نساك دمعات عينينا هيك الامل حلو عتبان ناسى الحنان ريت الجفا حلو ريتو,1999.0,الاخوين رحبانى,الأخوين رحباني,"زمان
الحلو
بان
زمان
يمكن
حدا
زعلو
عتبان
زمان
باعت
رسول
الحلو
بيقول
هالرسول
انو
الهوى
بدلو
عا
طول
ناسى
عا
طول
مين
خلاك
تدلل
علينا
مين
نساك
دمعات
عينينا
هيك
الامل
حلو
عتبان
ناسى
الحنان
ريت
الجفا
حلو
ريتو",negative,0.7611411809921265,sadness
عتم ليل,عتم ليل عتم اكتر خلى قناديلنا تضوى اكتر زغيرى قناديلنا الليل كبير بتضويلنا بنوصل بكير قمر ضلك غايب حلفتك بالحبايب ضويتنا تسهر يصيرلا رهجه اكتر والدنيى غافله القمر غاب تقشعنى واصله عم دق الباب وبتسال طلعتى بهالعتمه فزعتى قولى القنديل منور فينا نسهر اكتر مين هى الطالعه بهاك الحى مناش قاشعه ضو شوى منتوره زورينا بالك تشيلينا فى عنا بيت زغير بيساع الكل واكتر,1963.0,الاخوين رحبانى,الأخوين رحباني,"عتم
ليل
عتم
اكتر
خلى
قناديلنا
تضوى
اكتر
زغيرى
قناديلنا
الليل
كبير
بتضويلنا
بنوصل
بكير
قمر
ضلك
غايب
حلفتك
بالحبايب
ضويتنا
تسهر
يصيرلا
رهجه
اكتر
والدنيى
غافله
القمر
غاب
تقشعنى
واصله
عم
دق
الباب
وبتسال
طلعتى
بهالعتمه
فزعتى
قولى
القنديل
منور
فينا
نسهر
اكتر
مين
هى
الطالعه
بهاك
الحى
مناش
قاشعه
ضو
شوى
منتوره
زورينا
بالك
تشيلينا
فى
عنا
بيت
زغير
بيساع
الكل
واكتر",neutral,0.42093634605407715,love
